gx,gy,res,z_min,z_max,z_mean,point_count,dominant_class,mean_confidence,elevation_span,class_name
11,8,0.1,1.0976562,1.2181515,1.1792853,19,2,0.9864529,0.1204952,OBJECT
11,9,0.1,0.991575,1.225379,1.1383466,45,2,0.98285615,0.23380399,OBJECT
11,10,0.1,0.96484375,1.2337682,1.1225585,56,2,0.98376137,0.26892447,OBJECT
11,11,0.1,0.9633301,1.2415704,1.0874081,59,2,0.9846229,0.27824026,OBJECT
11,12,0.1,0.97265625,1.2482415,1.0970725,38,2,0.98896056,0.2755853,OBJECT
11,13,0.1,0.99609375,1.2598647,1.1275111,46,2,0.9932381,0.26377094,OBJECT
11,14,0.1,0.99609375,1.2720809,1.153887,52,2,0.9957844,0.27598715,OBJECT
11,15,0.1,1.0073123,1.2807026,1.163662,48,2,0.9971464,0.2733903,OBJECT
11,16,0.1,1.0277796,1.2907424,1.1525395,47,2,0.9976497,0.26296282,OBJECT
11,17,0.1,1.0585938,1.1992188,1.1106771,18,2,0.9977882,0.140625,OBJECT
11,18,0.1,1.0507812,1.1289062,1.0838195,17,2,0.9979652,0.078125,OBJECT
11,19,0.1,1.0585938,1.1367188,1.1043963,13,2,0.99864674,0.078125,OBJECT
11,20,0.1,1.0664062,1.3398438,1.1587349,29,2,0.9992099,0.2734375,OBJECT
11,21,0.1,1.0664062,1.3554688,1.2327827,64,2,0.99966854,0.2890625,OBJECT
11,22,0.1,1.0664062,1.3507727,1.211257,42,2,0.9996999,0.2843665,OBJECT
11,23,0.1,1.0664062,1.3554688,1.2195705,55,2,0.9997825,0.2890625,OBJECT
11,24,0.1,1.0693359,1.3632812,1.2118806,45,2,0.9998311,0.2939453,OBJECT
11,25,0.1,1.1043161,1.3661594,1.2330112,46,2,0.99990237,0.26184332,OBJECT
11,26,0.1,1.1367188,1.3730657,1.2996708,38,2,0.99995685,0.23634696,OBJECT
11,27,0.1,1.3428574,1.3428574,1.3428574,1,2,0.9999776,0.0,OBJECT
12,8,0.1,1.1367188,1.2245431,1.204476,24,2,0.989101,0.087824345,OBJECT
12,9,0.1,1.2218428,1.2320846,1.2276747,19,2,0.9921816,0.010241866,OBJECT
12,10,0.1,1.2287648,1.2420237,1.2355671,17,2,0.9938797,0.013258934,OBJECT
12,11,0.1,1.236835,1.2490945,1.2430383,15,2,0.9954695,0.012259483,OBJECT
12,12,0.1,1.2485124,1.2614785,1.2538052,18,2,0.99683446,0.012966156,OBJECT
12,13,0.1,1.2537836,1.2695312,1.2629901,22,2,0.99772054,0.015747666,OBJECT
12,14,0.1,1.2652777,1.2804124,1.2730951,18,2,0.9983884,0.015134692,OBJECT
12,15,0.1,1.2773438,1.2889371,1.2834738,18,2,0.9988722,0.011593342,OBJECT
12,16,0.1,1.2907196,1.3013924,1.2950219,14,2,0.999227,0.010672808,OBJECT
12,20,0.1,1.3298912,1.3424104,1.3386657,9,2,0.9998559,0.01251924,OBJECT
12,21,0.1,1.3404632,1.3556072,1.3491468,16,2,0.9998889,0.0151439905,OBJECT
12,22,0.1,1.350102,1.3632812,1.3566658,20,2,0.99992114,0.013179302,OBJECT
12,23,0.1,1.35458,1.3634111,1.358715,14,2,0.99994075,0.008831024,OBJECT
12,24,0.1,1.3598399,1.3758837,1.3688551,21,2,0.9999604,0.016043782,OBJECT
12,25,0.1,1.3617955,1.3782637,1.3731543,18,2,0.99997073,0.016468167,OBJECT
12,26,0.1,1.3670502,1.3852587,1.3780574,15,2,0.9999792,0.018208504,OBJECT
12,27,0.1,1.3722539,1.3828406,1.3806175,6,2,0.99998283,0.010586739,OBJECT
13,8,0.1,1.1367188,1.2304688,1.189967,27,2,0.98841697,0.09375,OBJECT
13,9,0.1,1.2284256,1.2398189,1.2332335,18,2,0.9926555,0.011393309,OBJECT
13,10,0.1,1.2382812,1.249948,1.244391,9,2,0.99437165,0.011666775,OBJECT
13,11,0.1,1.2477797,1.2539062,1.2523595,11,2,0.99575067,0.006126523,OBJECT
13,12,0.1,1.2536299,1.2674736,1.2610029,17,2,0.9968741,0.013843656,OBJECT
13,13,0.1,1.2627817,1.274532,1.269943,20,2,0.99774075,0.011750221,OBJECT
13,14,0.1,1.2768667,1.2843171,1.2802716,13,2,0.9984013,0.0074504614,OBJECT
13,15,0.1,1.2851562,1.2954606,1.2916954,17,2,0.9989568,0.010304332,OBJECT
13,16,0.1,1.2930356,1.3097154,1.299619,20,2,0.9992143,0.016679764,OBJECT
13,18,0.1,0.78515625,0.84765625,0.8137153,12,2,0.979248,0.0625,OBJECT
13,19,0.1,0.7926889,0.86328125,0.8209596,18,2,0.9843787,0.070592344,OBJECT
13,20,0.1,0.80078125,1.3527421,1.0043653,12,2,0.9922449,0.5519608,OBJECT
13,21,0.1,1.3391802,1.3554688,1.3504163,16,2,0.9998893,0.016288519,OBJECT
13,22,0.1,1.3528324,1.3727158,1.3638763,16,2,0.9999222,0.019883394,OBJECT
13,23,0.1,1.3677794,1.3832262,1.3722645,8,2,0.99994785,0.015446782,OBJECT
13,24,0.1,1.3707479,1.386535,1.3768808,14,2,0.99996126,0.015787125,OBJECT
13,25,0.1,1.3783628,1.3881305,1.3828626,12,2,0.99997205,0.009767771,OBJECT
13,26,0.1,1.384191,1.3947446,1.3891983,13,2,0.99998003,0.010553598,OBJECT
13,27,0.1,1.3867188,1.3932921,1.3889098,3,2,0.99998397,0.0065733194,OBJECT
14,8,0.1,1.1367188,1.2417587,1.2014066,31,2,0.990252,0.105039954,OBJECT
14,9,0.1,1.235117,1.2489492,1.2424054,19,2,0.99349785,0.0138322115,OBJECT
14,10,0.1,1.24495,1.2554438,1.2493649,18,2,0.9945862,0.010493755,OBJECT
14,11,0.1,1.25264,1.2646506,1.259991,23,2,0.99591446,0.012010574,OBJECT
14,12,0.1,1.2617188,1.2728214,1.2674183,17,2,0.99694467,0.011102676,OBJECT
14,13,0.1,1.2723309,1.284598,1.2775619,15,2,0.9978841,0.012267113,OBJECT
14,14,0.1,1.2794449,1.2946471,1.2866591,10,2,0.9984201,0.015202165,OBJECT
14,15,0.1,1.2902898,1.3026587,1.2970489,15,2,0.9989218,0.012368917,OBJECT
14,16,0.1,1.3008817,1.3206742,1.3105028,10,2,0.99928606,0.019792438,OBJECT
14,18,0.1,0.7376891,0.79246616,0.75632083,20,2,0.96497536,0.054777086,OBJECT
14,19,0.1,0.74609375,0.78515625,0.7626674,20,2,0.9743621,0.0390625,OBJECT
14,20,0.1,0.75390625,1.3588449,0.9850401,24,2,0.9872537,0.6049386,OBJECT
14,21,0.1,0.98046875,1.3695076,1.3419824,19,2,0.9997883,0.3890388,OBJECT
14,22,0.1,1.3648834,1.3789914,1.3729246,15,2,0.99992627,0.014107943,OBJECT
14,23,0.1,1.3784895,1.3900641,1.3836937,17,2,0.99994886,0.011574626,OBJECT
14,24,0.1,1.3825059,1.3945312,1.3895255,14,2,0.9999629,0.012025356,OBJECT
14,25,0.1,1.3929018,1.4051198,1.3981823,19,2,0.9999754,0.0122179985,OBJECT
14,26,0.1,1.3984497,1.4101562,1.4047893,16,2,0.99998206,0.011706591,OBJECT
14,27,0.1,1.4023438,1.4124136,1.4095603,11,2,0.9999864,0.010069847,OBJECT
15,8,0.1,1.1413931,1.2503923,1.2090156,46,2,0.991724,0.10899925,OBJECT
15,9,0.1,1.2445443,1.2563193,1.2500017,16,2,0.9942836,0.011775017,OBJECT
15,10,0.1,1.2520772,1.2628078,1.2574986,18,2,0.9952347,0.010730624,OBJECT
15,11,0.1,1.2614716,1.2742358,1.2682506,15,2,0.99628234,0.0127642155,OBJECT
15,12,0.1,1.2724662,1.2879293,1.2796746,20,2,0.99724686,0.015463114,OBJECT
15,13,0.1,1.2788008,1.2917699,1.2873654,16,2,0.9979014,0.012969017,OBJECT
15,14,0.1,1.2899057,1.2988577,1.2940828,5,2,0.99855196,0.008952022,OBJECT
15,15,0.1,1.3023368,1.3023368,1.3023368,1,2,0.9989235,0.0,OBJECT
15,20,0.1,0.75390625,1.364674,1.056364,19,2,0.99548733,0.6107677,OBJECT
15,21,0.1,0.93299025,1.374498,1.1496348,50,2,0.99835277,0.44150776,OBJECT
15,22,0.1,0.94140625,1.3858807,1.1294776,28,2,0.9986786,0.44447446,OBJECT
15,23,0.1,0.9453889,1.3980038,1.1717488,37,2,0.99920386,0.4526149,OBJECT
15,24,0.1,0.9532667,1.4087335,1.1966729,36,2,0.99948746,0.4554668,OBJECT
15,25,0.1,0.95703125,1.413755,1.387478,22,2,0.999938,0.4567238,OBJECT
15,26,0.1,1.4065607,1.419146,1.4140465,21,2,0.99998367,0.012585282,OBJECT
15,27,0.1,1.4101562,1.4257812,1.4197135,12,2,0.9999871,0.015625,OBJECT
16,8,0.1,1.1445312,1.2578344,1.2143966,40,2,0.9933113,0.113303185,OBJECT
16,9,0.1,1.2534206,1.2640883,1.2607281,23,2,0.9956733,0.010667682,OBJECT
16,10,0.1,1.2617188,1.2713755,1.2665145,17,2,0.9960407,0.009656787,OBJECT
16,11,0.1,1.2714096,1.2851562,1.2781292,16,2,0.99680185,0.013746619,OBJECT
16,12,0.1,1.2823154,1.2898251,1.284767,8,2,0.99731284,0.0075097084,OBJECT
16,22,0.1,1.3826354,1.397595,1.3894373,17,2,0.999934,0.014959693,OBJECT
16,23,0.1,1.3921221,1.4050174,1.3994516,20,2,0.9999522,0.0128952265,OBJECT
16,24,0.1,1.40371,1.4148797,1.4090352,24,2,0.99996805,0.011169672,OBJECT
16,25,0.1,1.415029,1.4218117,1.417519,16,2,0.99997807,0.006782651,OBJECT
16,26,0.1,1.416159,1.4262289,1.4240961,23,2,0.99998516,0.010069847,OBJECT
16,27,0.1,1.4242878,1.4344131,1.4292086,13,2,0.999989,0.010125279,OBJECT
17,8,0.1,1.1445312,1.2617188,1.2139363,33,2,0.9942368,0.1171875,OBJECT
17,9,0.1,1.260754,1.2685684,1.2639253,15,2,0.9962881,0.007814407,OBJECT
17,10,0.1,1.2672381,1.2773198,1.2722166,23,2,0.9967376,0.010081649,OBJECT
17,11,0.1,1.2769519,1.2815335,1.2790794,7,2,0.9969872,0.0045815706,OBJECT
17,23,0.1,1.401131,1.4101562,1.4057988,12,2,0.99995726,0.009025216,OBJECT
17,24,0.1,1.4042833,1.4193064,1.4112153,19,2,0.999968,0.015023112,OBJECT
17,25,0.1,1.4146796,1.4214565,1.4178712,22,2,0.9999781,0.0067768097,OBJECT
17,26,0.1,1.4179688,1.4346467,1.4261804,16,2,0.9999863,0.016677976,OBJECT
17,27,0.1,1.4235792,1.4335938,1.4293698,13,2,0.9999895,0.010014534,OBJECT
18,8,0.1,1.1367188,1.2695312,1.2139475,40,2,0.9949452,0.1328125,OBJECT
18,9,0.1,1.2667348,1.2773438,1.2716519,21,2,0.99721444,0.0106089115,OBJECT
18,10,0.1,1.2730118,1.2830787,1.2791717,18,2,0.9973328,0.010066867,OBJECT
18,23,0.1,1.413522,1.413522,1.413522,1,2,0.9999639,0.0,OBJECT
18,24,0.1,1.4128569,1.4257812,1.4209756,19,2,0.9999732,0.012924314,OBJECT
18,25,0.1,1.4178753,1.4366369,1.4276525,28,2,0.9999811,0.018761635,OBJECT
18,26,0.1,1.4251472,1.4361742,1.430906,21,2,0.99998695,0.0110269785,OBJECT
18,27,0.1,1.433336,1.4453064,1.4382575,14,2,0.99999076,0.011970401,OBJECT
19,8,0.1,1.1367188,1.2741007,1.2097365,34,2,0.9954206,0.13738191,OBJECT
19,9,0.1,1.2739767,1.2861162,1.2805063,12,2,0.99781007,0.012139559,OBJECT
19,10,0.1,1.2851562,1.2851562,1.2851562,2,2,0.9979727,0.0,OBJECT
19,24,0.1,1.4277692,1.4356316,1.4327677,3,2,0.99997854,0.007862449,OBJECT
19,25,0.1,1.4301726,1.441418,1.4370056,23,2,0.99998397,0.011245489,OBJECT
19,26,0.1,1.4383037,1.4475156,1.4421775,17,2,0.99998945,0.009211898,OBJECT
19,27,0.1,1.4453205,1.4559131,1.44874,17,2,0.99999213,0.01059258,OBJECT
20,8,0.1,1.1367188,1.2835987,1.2331175,35,2,0.9965389,0.14687991,OBJECT
20,9,0.1,1.2773438,1.2894524,1.284606,18,2,0.9981396,0.012108684,OBJECT
20,25,0.1,1.4334282,1.4439433,1.4395722,24,2,0.9999859,0.010515094,OBJECT
20,26,0.1,1.4403263,1.4502043,1.4446462,20,2,0.99999046,0.00987792,OBJECT
20,27,0.1,1.4453232,1.4570312,1.4513378,14,2,0.9999934,0.011708021,OBJECT
21,8,0.1,1.1289062,1.2873387,1.2368181,45,2,0.9970659,0.15843248,OBJECT
21,9,0.1,1.2890693,1.2931288,1.2917818,14,2,0.9984999,0.004059553,OBJECT
21,25,0.1,1.1523438,1.4507123,1.3369025,30,2,0.9999583,0.29836857,OBJECT
21,26,0.1,1.2070312,1.4648438,1.3887362,41,2,0.99998224,0.2578125,OBJECT
21,27,0.1,1.4492188,1.4667314,1.4591889,21,2,0.9999948,0.01751268,OBJECT
22,8,0.1,1.1283101,1.2930536,1.2406367,43,2,0.9974729,0.16474354,OBJECT
22,9,0.1,1.2922273,1.2977679,1.2952613,9,2,0.99874943,0.0055406094,OBJECT
22,25,0.1,1.0976562,1.1601562,1.1133269,23,2,0.9997848,0.0625,OBJECT
22,26,0.1,1.0976562,1.1210938,1.109375,2,2,0.99980175,0.0234375,OBJECT
23,8,0.1,1.1289062,1.293913,1.2362717,46,2,0.99773425,0.16500676,OBJECT
23,9,0.1,1.296151,1.3006997,1.2988343,5,2,0.9989216,0.004548669,OBJECT
23,25,0.1,1.0976562,1.1186368,1.1057844,18,2,0.99977994,0.020980597,OBJECT
24,8,0.1,1.1210938,1.2966135,1.2293143,41,2,0.9977958,0.1755197,OBJECT
24,9,0.1,1.295559,1.303984,1.300088,7,2,0.99899966,0.008424997,OBJECT
24,25,0.1,1.1106998,1.140516,1.122034,14,2,0.9998242,0.02981627,OBJECT
24,26,0.1,1.0983418,1.0983418,1.0983418,1,2,0.9998031,0.0,OBJECT
25,8,0.1,1.1445312,1.2991469,1.234801,43,2,0.9982465,0.15461564,OBJECT
25,9,0.1,1.2962627,1.3088351,1.3018779,24,2,0.99915534,0.012572408,OBJECT
25,24,0.1,1.2539062,1.4564551,1.3373356,8,2,0.9999722,0.20254886,OBJECT
25,25,0.1,1.1289062,1.2148438,1.1538194,27,2,0.9998805,0.0859375,OBJECT
25,26,0.1,1.1190318,1.1334201,1.1241907,3,2,0.99987125,0.014388323,OBJECT
26,8,0.1,1.1445312,1.3005128,1.2331829,45,2,0.9984316,0.15598154,OBJECT
26,9,0.1,1.3007812,1.3141727,1.3076954,13,2,0.99936646,0.013391495,OBJECT
26,10,0.1,1.3121637,1.3169832,1.315345,5,2,0.9994424,0.0048195124,OBJECT
26,24,0.1,1.2304688,1.4648438,1.3518664,52,2,0.99997514,0.234375,OBJECT
26,25,0.1,1.1367188,1.2460938,1.1854876,29,2,0.99991137,0.109375,OBJECT
26,26,0.1,1.1462646,1.147755,1.1470098,2,2,0.99991024,0.0014904737,OBJECT
27,8,0.1,1.1445312,1.30496,1.2363771,43,2,0.99876726,0.16042876,OBJECT
27,9,0.1,1.305394,1.314433,1.3100092,16,2,0.9994918,0.009038925,OBJECT
27,10,0.1,1.3164062,1.3292946,1.3231606,16,2,0.9995945,0.012888312,OBJECT
27,23,0.1,1.464698,1.4665164,1.4654602,3,2,0.9999921,0.0018184185,OBJECT
27,24,0.1,1.2148438,1.47694,1.3863841,41,2,0.9999819,0.2620963,OBJECT
27,25,0.1,1.1411084,1.2460938,1.1801324,32,2,0.99991107,0.10498536,OBJECT
27,26,0.1,1.1189467,1.1480064,1.1412826,11,2,0.9999039,0.029059768,OBJECT
28,8,0.1,1.1445312,1.3135675,1.2480619,42,2,0.99904543,0.16903627,OBJECT
28,9,0.1,1.3094976,1.3237313,1.3162725,18,2,0.9996093,0.014233708,OBJECT
28,10,0.1,1.3235396,1.3324993,1.3263115,20,2,0.9997009,0.008959651,OBJECT
28,11,0.1,1.3310108,1.3439267,1.3375385,14,2,0.9997739,0.01291585,OBJECT
28,12,0.1,1.3458089,1.3458089,1.3458089,1,2,0.9998318,0.0,OBJECT
28,22,0.1,1.4492188,1.4570312,1.4534755,6,2,0.9999895,0.0078125,OBJECT
28,23,0.1,1.4551115,1.4661105,1.4621083,15,2,0.9999916,0.010998964,OBJECT
28,24,0.1,1.1054688,1.4804688,1.3155546,63,2,0.9999453,0.375,OBJECT
28,25,0.1,1.1835938,1.4808447,1.3322192,2,2,0.99995446,0.297251,OBJECT
29,8,0.1,1.1618452,1.3201095,1.2635583,47,2,0.99936634,0.15826428,OBJECT
29,9,0.1,1.3177389,1.3245876,1.322623,12,2,0.99973685,0.006848693,OBJECT
29,10,0.1,1.3242188,1.3338,1.3289307,13,2,0.9997827,0.009581208,OBJECT
29,11,0.1,1.3337498,1.3449206,1.3389715,16,2,0.999824,0.011170864,OBJECT
29,12,0.1,1.3133419,1.3476562,1.3367611,19,2,0.99985003,0.034314394,OBJECT
29,13,0.1,1.3159151,1.340492,1.3252708,14,2,0.99985266,0.024576902,OBJECT
29,21,0.1,1.4297931,1.4376175,1.4336681,3,2,0.9999855,0.007824421,OBJECT
29,22,0.1,1.424926,1.4726562,1.4412498,27,2,0.99998784,0.047730207,OBJECT
29,23,0.1,1.4637858,1.4823253,1.4710119,18,2,0.9999932,0.018539548,OBJECT
29,24,0.1,1.0820312,1.4960938,1.4062127,32,2,0.99995995,0.4140625,OBJECT
29,32,0.05,1.3085938,1.3085938,1.3085938,1,2,0.9991904,0.0,OBJECT
29,33,0.05,1.3130245,1.3130245,1.3130245,1,2,0.9992761,0.0,OBJECT
29,36,0.05,0.7347428,0.75390625,0.7449143,3,2,0.9587671,0.01916343,OBJECT
29,38,0.05,0.7425413,0.7425413,0.7425413,1,2,0.96694773,0.0,OBJECT
30,8,0.1,1.1210938,1.3320312,1.2472514,68,2,0.99938047,0.2109375,OBJECT
30,9,0.1,1.3232783,1.3329629,1.327597,18,2,0.9998185,0.009684563,OBJECT
30,10,0.1,1.3286417,1.3398438,1.3333559,20,2,0.99984694,0.011202097,OBJECT
30,11,0.1,1.3365047,1.350163,1.3443699,18,2,0.99988294,0.013658285,OBJECT
30,12,0.1,1.3155705,1.3546551,1.336316,21,2,0.999884,0.039084673,OBJECT
30,13,0.1,1.3205671,1.3476562,1.3341249,19,2,0.99989027,0.027089119,OBJECT
30,14,0.1,1.3471866,1.3617809,1.3550268,18,2,0.99992436,0.0145943165,OBJECT
30,15,0.1,1.3663017,1.3765086,1.3710818,6,2,0.99994755,0.010206938,OBJECT
30,16,0.1,1.3761824,1.3865703,1.3824116,4,2,0.9999583,0.0103878975,OBJECT
30,17,0.1,1.3902897,1.3949687,1.3926291,2,2,0.9999666,0.004679084,OBJECT
30,18,0.1,1.4016227,1.4044222,1.4025112,6,2,0.9999738,0.002799511,OBJECT
30,19,0.1,1.4084184,1.4191407,1.415903,11,2,0.9999802,0.01072228,OBJECT
30,20,0.1,1.4191887,1.4344102,1.427658,19,2,0.99998456,0.015221477,OBJECT
30,21,0.1,1.4320867,1.4466493,1.440147,21,2,0.9999882,0.014562607,OBJECT
30,22,0.1,1.4298264,1.4726562,1.4515362,20,2,0.9999913,0.04282987,OBJECT
30,23,0.1,1.4797566,1.4941616,1.4850767,17,2,0.9999952,0.014405012,OBJECT
30,24,0.1,1.0585938,1.5039062,1.4530066,32,2,0.99997604,0.4453125,OBJECT
30,28,0.05,1.2966814,1.2966814,1.2966814,1,2,0.9985676,0.0,OBJECT
30,29,0.05,1.2971554,1.2971554,1.2971554,1,2,0.9986016,0.0,OBJECT
30,30,0.05,1.3017604,1.3064637,1.3042512,4,2,0.9988893,0.0047032833,OBJECT
30,31,0.05,1.3031472,1.3116215,1.3075933,6,2,0.9990721,0.00847435,OBJECT
30,32,0.05,1.3085938,1.3164062,1.3116524,5,2,0.9991951,0.0078125,OBJECT
30,33,0.05,1.3180522,1.329359,1.3224223,9,2,0.9993722,0.011306882,OBJECT
30,36,0.05,0.73046875,0.77734375,0.74886364,9,2,0.9590575,0.046875,OBJECT
30,37,0.05,0.73235124,0.7359877,0.7342675,4,2,0.95996696,0.0036364794,OBJECT
30,38,0.05,0.73828125,0.7404702,0.7394059,4,2,0.96553516,0.002188921,OBJECT
30,39,0.05,0.7450653,0.74609375,0.7457509,3,2,0.9717481,0.0010284781,OBJECT
30,40,0.05,0.7494505,0.7494505,0.7494505,1,2,0.9762763,0.0,OBJECT
30,41,0.05,0.76953125,0.76953125,0.76953125,1,2,0.9804708,0.0,OBJECT
31,8,0.1,1.1445312,1.3390334,1.2624841,47,2,0.999616,0.19450212,OBJECT
31,9,0.1,1.3318532,1.3432695,1.3372192,31,2,0.99987495,0.011416316,OBJECT
31,10,0.1,1.3342006,1.34744,1.34147,20,2,0.999895,0.013239384,OBJECT
31,11,0.1,1.3451725,1.3554688,1.3487875,22,2,0.99991137,0.010296226,OBJECT
31,12,0.1,1.3215177,1.3618066,1.3442223,26,2,0.99991864,0.040288925,OBJECT
31,13,0.1,1.3260971,1.3524625,1.3428198,24,2,0.99992555,0.0263654,OBJECT
31,14,0.1,1.3533888,1.3635538,1.3582864,16,2,0.99993986,0.010164976,OBJECT
31,15,0.1,1.3638307,1.3803546,1.3719922,21,2,0.99995625,0.016523957,OBJECT
31,16,0.1,1.3777169,1.3945312,1.3852302,19,2,0.99996555,0.016814351,OBJECT
31,17,0.1,1.3890136,1.3982074,1.3947023,20,2,0.99997103,0.009193778,OBJECT
31,18,0.1,1.4017261,1.4117578,1.4070979,21,2,0.99997884,0.0100317,OBJECT
31,19,0.1,1.4132261,1.4248482,1.4182166,18,2,0.9999839,0.011622071,OBJECT
31,20,0.1,1.4239392,1.4376092,1.4309516,32,2,0.9999877,0.013669968,OBJECT
31,21,0.1,1.4377447,1.4522041,1.445203,30,2,0.99999106,0.014459372,OBJECT
31,22,0.1,1.4374208,1.4890608,1.4596928,35,2,0.99999356,0.051639915,OBJECT
31,23,0.1,1.4788699,1.5039062,1.4911096,20,2,0.9999962,0.025036335,OBJECT
31,24,0.1,1.1128486,1.5154959,1.4284642,60,2,0.9999837,0.40264726,OBJECT
31,25,0.1,1.5168619,1.5168619,1.5168619,1,2,0.999998,0.0,OBJECT
31,26,0.05,1.2905896,1.2905896,1.2905896,1,2,0.99783945,0.0,OBJECT
31,27,0.05,1.2945558,1.2945558,1.2945558,1,2,0.9981426,0.0,OBJECT
31,28,0.05,1.2965084,1.3039491,1.3002244,5,2,0.99853003,0.007440686,OBJECT
31,29,0.05,1.3030136,1.3073066,1.304551,4,2,0.99875987,0.004293084,OBJECT
31,30,0.05,1.3045275,1.3100898,1.3073791,6,2,0.99887586,0.0055623055,OBJECT
31,31,0.05,1.3093323,1.3187997,1.3133401,6,2,0.99909806,0.009467483,OBJECT
31,32,0.05,1.3169549,1.3237727,1.3203638,2,2,0.9992615,0.0068178177,OBJECT
31,33,0.05,1.3263818,1.328902,1.327642,2,2,0.9993726,0.0025202036,OBJECT
31,36,0.05,0.7373744,0.78800595,0.7563058,7,2,0.9602533,0.050631523,OBJECT
31,37,0.05,0.73828125,0.74100995,0.73980325,3,2,0.96243757,0.0027287006,OBJECT
31,38,0.05,0.74609375,0.753391,0.74937904,4,2,0.96809256,0.0072972775,OBJECT
31,39,0.05,0.7445864,1.3476562,0.82413554,8,2,0.9745534,0.60306984,OBJECT
31,40,0.05,0.75753915,1.3526988,1.0976286,7,2,0.98958206,0.59515965,OBJECT
31,41,0.05,0.75390625,1.3674853,0.98835903,11,2,0.9875103,0.61357903,OBJECT
31,42,0.05,1.3730048,1.3760937,1.3745493,2,2,0.9998935,0.003088951,OBJECT
31,43,0.05,1.3757615,1.3757615,1.3757615,1,2,0.99989974,0.0,OBJECT
32,8,0.1,1.2382812,1.3453027,1.3045636,48,2,0.9998424,0.10702145,OBJECT
32,9,0.1,1.3437144,1.3504885,1.3469216,20,2,0.99991786,0.006774187,OBJECT
32,10,0.1,1.3469653,1.3554688,1.3502011,21,2,0.9999258,0.008503437,OBJECT
32,11,0.1,1.3505852,1.3605924,1.3562809,19,2,0.99993855,0.010007143,OBJECT
32,12,0.1,1.327057,1.3633184,1.3503804,23,2,0.9999407,0.03626144,OBJECT
32,13,0.1,1.3320312,1.3561662,1.3455044,19,2,0.99994165,0.024134994,OBJECT
32,14,0.1,1.3548626,1.3711329,1.3628823,29,2,0.9999565,0.01627028,OBJECT
32,15,0.1,1.3676208,1.3815219,1.3746277,18,2,0.99996567,0.013901114,OBJECT
32,16,0.1,1.3789062,1.3963954,1.389783,28,2,0.99997425,0.017489195,OBJECT
32,17,0.1,1.3945312,1.410948,1.4029697,30,2,0.9999805,0.016416788,OBJECT
32,18,0.1,1.4057436,1.4161551,1.4114568,22,2,0.99998397,0.010411501,OBJECT
32,19,0.1,1.4172126,1.4321136,1.4247067,20,2,0.9999882,0.014901042,OBJECT
32,20,0.1,1.4287184,1.445537,1.4366591,21,2,0.999991,0.016818523,OBJECT
32,21,0.1,1.4412681,1.4588971,1.4510742,27,2,0.99999356,0.017629027,OBJECT
32,22,0.1,1.4475347,1.4960938,1.4736584,22,2,0.99999547,0.04855907,OBJECT
32,23,0.1,1.485955,1.5057282,1.4970707,37,2,0.999997,0.019773245,OBJECT
32,24,0.1,1.3242188,1.5216948,1.4459345,40,2,0.99999535,0.19747603,OBJECT
32,25,0.1,1.5273438,1.5273438,1.5273438,1,2,0.99999845,0.0,OBJECT
32,26,0.05,1.2917168,1.2953441,1.2933428,4,2,0.9978797,0.0036273003,OBJECT
32,27,0.05,1.2965258,1.3007812,1.2987069,3,2,0.9982235,0.004255414,OBJECT
32,28,0.05,1.302891,1.302891,1.302891,1,2,0.9985122,0.0,OBJECT
32,29,0.05,1.3074713,1.3099442,1.3086121,7,2,0.99876785,0.0024728775,OBJECT
32,31,0.05,1.3152791,1.3204973,1.3188084,7,2,0.99910885,0.005218148,OBJECT
32,32,0.05,1.3218987,1.3290272,1.3254629,2,2,0.999254,0.007128477,OBJECT
32,33,0.05,1.3268441,1.3324883,1.3304545,3,2,0.99938935,0.005644202,OBJECT
32,34,0.05,1.3351064,1.3398438,1.3371592,3,2,0.9995027,0.004737377,OBJECT
32,35,0.05,0.80859375,1.3440586,1.2079917,8,2,0.9933256,0.5354649,OBJECT
32,36,0.05,0.74609375,1.3481354,0.97015715,17,2,0.975982,0.6020416,OBJECT
32,37,0.05,0.74878293,1.350979,0.9228611,11,2,0.9762116,0.60219604,OBJECT
32,38,0.05,0.75255007,1.3569653,0.9616363,9,2,0.9804197,0.60441524,OBJECT
32,39,0.05,0.76171875,1.3632812,1.181925,13,2,0.9926866,0.6015625,OBJECT
32,40,0.05,0.76384544,1.3689971,0.975118,9,2,0.98546803,0.60515165,OBJECT
32,41,0.05,0.77734375,1.3763719,1.0915412,10,2,0.99242896,0.5990281,OBJECT
32,42,0.05,1.3765879,1.3784928,1.3775403,2,2,0.9998917,0.0019049644,OBJECT
32,43,0.05,1.3809654,1.3841063,1.3826044,4,2,0.99991024,0.0031409264,OBJECT
32,44,0.05,1.3867188,1.3890009,1.3877171,3,2,0.9999241,0.0022821426,OBJECT
33,8,0.1,1.2617188,1.3481524,1.3201141,42,2,0.99990034,0.08643365,OBJECT
33,9,0.1,1.3470429,1.3570668,1.3500359,20,2,0.9999355,0.010023832,OBJECT
33,10,0.1,1.3522694,1.3632812,1.3568519,25,2,0.9999456,0.011011839,OBJECT
33,11,0.1,1.3554376,1.3663145,1.3610216,21,2,0.9999527,0.010876894,OBJECT
33,12,0.1,1.3348595,1.3723396,1.3587929,29,2,0.999957,0.037480116,OBJECT
33,13,0.1,1.3370377,1.3635836,1.3515304,25,2,0.9999577,0.026545882,OBJECT
33,14,0.1,1.3632812,1.3783461,1.3690467,16,2,0.9999691,0.015064836,OBJECT
33,15,0.1,1.3756498,1.3885093,1.3808981,24,2,0.9999754,0.012859464,OBJECT
33,16,0.1,1.3820723,1.4026161,1.3927203,25,2,0.99998075,0.020543814,OBJECT
33,17,0.1,1.3967597,1.4124651,1.4048556,20,2,0.99998456,0.015705347,OBJECT
33,18,0.1,1.4104651,1.4257812,1.4189999,26,2,0.99998856,0.015316129,OBJECT
33,19,0.1,1.4205407,1.4369022,1.4296626,37,2,0.99999136,0.016361475,OBJECT
33,20,0.1,1.4335938,1.4492188,1.4432524,23,2,0.99999344,0.015625,OBJECT
33,21,0.1,1.4468788,1.4633623,1.4537541,31,2,0.9999949,0.016483545,OBJECT
33,22,0.1,1.4469137,1.4960938,1.466003,31,2,0.9999962,0.04918003,OBJECT
33,23,0.05,1.2851562,1.2851562,1.2851562,1,2,0.9972109,0.0,OBJECT
33,23,0.1,1.4960681,1.5058899,1.4999791,26,2,0.9999977,0.009821773,OBJECT
33,24,0.05,1.2875134,1.2897342,1.2886912,3,2,0.9973841,0.002220869,OBJECT
33,24,0.1,1.4092809,1.5273438,1.5052804,39,2,0.99999803,0.118062854,OBJECT
33,25,0.05,1.2893205,1.2900969,1.2897086,2,2,0.99750984,0.0007764101,OBJECT
33,25,0.1,1.5195312,1.519841,1.5196861,2,2,0.9999985,0.00030970573,OBJECT
33,26,0.05,1.2982441,1.3021228,1.3003981,7,2,0.99806124,0.0038787127,OBJECT
33,27,0.05,1.3024181,1.304558,1.3032066,3,2,0.9982991,0.002139926,OBJECT
33,28,0.05,1.306449,1.3126053,1.3103998,7,2,0.9986338,0.006156206,OBJECT
33,29,0.05,1.3116697,1.3168591,1.3152231,6,2,0.9988189,0.005189419,OBJECT
33,30,0.05,1.3199439,1.3243043,1.3225133,5,2,0.99903184,0.0043604374,OBJECT
33,31,0.05,1.3216803,1.3299158,1.325984,8,2,0.9991614,0.008235455,OBJECT
33,32,0.05,1.3315698,1.3329622,1.332266,2,2,0.99933004,0.0013923645,OBJECT
33,33,0.05,1.3344809,1.3408997,1.3368748,7,2,0.9994086,0.006418824,OBJECT
33,34,0.05,1.3398438,1.3436366,1.3417832,3,2,0.9995036,0.003792882,OBJECT
33,35,0.05,0.83203125,1.3477278,1.0648047,12,2,0.9892433,0.5156965,OBJECT
33,36,0.05,0.77734375,1.3544567,1.0340984,20,2,0.9849758,0.5771129,OBJECT
33,37,0.05,0.78666526,1.3598047,1.1178273,20,2,0.9906864,0.5731395,OBJECT
33,38,0.05,0.78515625,1.3602484,0.9401337,8,2,0.98327976,0.5750922,OBJECT
33,39,0.05,0.7951366,1.3685184,1.0535357,10,2,0.9906033,0.5733818,OBJECT
33,40,0.05,0.7982297,1.3710938,0.90796727,14,2,0.9899535,0.57286406,OBJECT
33,41,0.05,1.3713522,1.3800184,1.3764274,10,2,0.99987257,0.008666158,OBJECT
33,42,0.05,1.3789062,1.3834808,1.3809097,5,2,0.99988985,0.0045745373,OBJECT
33,43,0.05,1.3823527,1.3908905,1.3870046,4,2,0.9999132,0.008537769,OBJECT
33,44,0.05,1.3888506,1.394189,1.3917589,3,2,0.9999282,0.0053384304,OBJECT
33,45,0.05,1.3961363,1.3961363,1.3961363,1,2,0.99994004,0.0,OBJECT
34,8,0.1,1.3121333,1.3554688,1.3377724,27,2,0.99993926,0.043335438,OBJECT
34,9,0.1,1.328581,1.3710938,1.3479942,33,2,0.9999503,0.042512774,OBJECT
34,10,0.1,1.3459026,1.3638638,1.3571332,25,2,0.99995935,0.017961264,OBJECT
34,11,0.1,1.36025,1.3728358,1.3650658,30,2,0.99996525,0.012585759,OBJECT
34,12,0.1,1.3398438,1.3789062,1.3648751,30,2,0.99996775,0.0390625,OBJECT
34,13,0.1,1.3471913,1.3737917,1.3580643,27,2,0.9999678,0.02660036,OBJECT
34,14,0.1,1.3688068,1.382746,1.3744849,17,2,0.9999761,0.013939142,OBJECT
34,15,0.1,1.3823688,1.4023438,1.3903414,19,2,0.9999824,0.019974947,OBJECT
34,16,0.1,1.3907305,1.4027264,1.3980098,19,2,0.99998504,0.011995912,OBJECT
34,17,0.1,1.4023438,1.4184372,1.411271,16,2,0.99998856,0.016093493,OBJECT
34,18,0.1,1.4157974,1.4343613,1.4239229,16,2,0.9999914,0.018563986,OBJECT
34,19,0.1,1.427177,1.4444859,1.4337792,15,2,0.9999931,0.01730895,OBJECT
34,20,0.1,1.4373145,1.4516597,1.4459013,26,2,0.99999464,0.014345169,OBJECT
34,21,0.1,1.4489592,1.4599154,1.4562261,9,2,0.99999577,0.010956168,OBJECT
34,22,0.1,1.4479156,1.4960938,1.4686296,18,2,0.99999684,0.048178196,OBJECT
34,23,0.05,1.283218,1.2841895,1.2837038,2,2,0.9971813,0.0009714365,OBJECT
34,23,0.1,1.4878702,1.5042205,1.4964978,19,2,0.999998,0.01635027,OBJECT
34,24,0.05,1.2908816,1.2908816,1.2908816,1,2,0.9975171,0.0,OBJECT
34,24,0.1,1.4960938,1.5117188,1.5017128,9,2,0.99999833,0.015625,OBJECT
34,25,0.05,1.2949888,1.2985934,1.296336,4,2,0.9977465,0.0036046505,OBJECT
34,26,0.05,1.2996374,1.3018862,1.3007715,4,2,0.99796313,0.002248764,OBJECT
34,27,0.05,1.3081917,1.3095123,1.3087908,3,2,0.99836296,0.0013206005,OBJECT
34,28,0.05,1.3095126,1.3168099,1.3136083,6,2,0.99861854,0.0072972775,OBJECT
34,29,0.05,1.3164062,1.3184718,1.3174158,5,2,0.99882805,0.0020655394,OBJECT
34,30,0.05,1.3228506,1.325779,1.324316,7,2,0.99901086,0.0029283762,OBJECT
34,31,0.05,1.3274426,1.3320312,1.3296059,6,2,0.99918073,0.004588604,OBJECT
34,32,0.05,1.3330986,1.3379774,1.3355318,7,2,0.9993215,0.0048787594,OBJECT
34,33,0.05,1.3399305,1.3400626,1.3399966,2,2,0.9993996,0.0001320839,OBJECT
34,34,0.05,1.3433045,1.3449018,1.3441031,2,2,0.9994858,0.0015972853,OBJECT
34,35,0.05,0.94140625,1.3527961,1.268922,5,2,0.9977393,0.41138983,OBJECT
34,36,0.05,0.85546875,1.3579328,1.0115777,25,2,0.99045527,0.50246406,OBJECT
34,37,0.05,0.85546875,1.3610773,1.001085,18,2,0.99073493,0.50560856,OBJECT
34,38,0.05,0.87109375,1.365923,1.112372,12,2,0.9952406,0.4948293,OBJECT
34,39,0.05,0.91015625,1.370149,1.1804769,9,2,0.99719346,0.45999277,OBJECT
34,40,0.05,0.92578125,1.3745029,1.2055291,10,2,0.9978679,0.44872165,OBJECT
34,41,0.05,1.3789062,1.382965,1.3807383,3,2,0.99988157,0.0040587187,OBJECT
34,43,0.05,1.3880314,1.3920399,1.3899161,7,2,0.99991566,0.0040085316,OBJECT
34,44,0.05,1.3945312,1.3945312,1.3945312,2,2,0.9999306,0.0,OBJECT
34,45,0.05,1.397009,1.3979918,1.3975004,2,2,0.99993974,0.0009827614,OBJECT
34,46,0.05,1.4023438,1.4031929,1.4027684,2,2,0.99995154,0.00084912777,OBJECT
35,9,0.1,1.3320312,1.3425797,1.3388284,5,2,0.9999534,0.010548472,OBJECT
35,10,0.1,1.3562342,1.3641589,1.361763,6,2,0.99996716,0.007924676,OBJECT
35,11,0.1,1.3632812,1.3710938,1.3684896,3,2,0.9999714,0.0078125,OBJECT
35,12,0.1,1.3791442,1.3791442,1.3791442,1,2,0.99997556,0.0,OBJECT
35,22,0.05,1.2825632,1.2853172,1.2843455,3,2,0.99728495,0.002753973,OBJECT
35,23,0.05,1.2844467,1.2894964,1.2871737,4,2,0.99738514,0.0050497055,OBJECT
35,24,0.05,1.2929435,1.2981378,1.2947378,8,2,0.9976767,0.0051943064,OBJECT
35,25,0.05,1.2994078,1.3015485,1.3006297,4,2,0.99790466,0.0021406412,OBJECT
35,26,0.05,1.3007812,1.3072466,1.3044474,4,2,0.9980958,0.006465316,OBJECT
35,27,0.05,1.3085938,1.3104612,1.3092161,3,2,0.99829483,0.0018674135,OBJECT
35,28,0.05,1.3150471,1.3187047,1.3162411,6,2,0.9986069,0.0036575794,OBJECT
35,29,0.05,1.3200744,1.3250296,1.3223592,3,2,0.9989026,0.0049551725,OBJECT
35,30,0.05,1.3237053,1.3270979,1.3252683,3,2,0.9989888,0.0033925772,OBJECT
35,31,0.05,1.3298631,1.3336658,1.3323842,6,2,0.9991742,0.0038027763,OBJECT
35,32,0.05,1.3373221,1.3406241,1.3392346,5,2,0.9993456,0.003301978,OBJECT
35,33,0.05,1.3398438,1.3476981,1.344254,4,2,0.9994401,0.007854342,OBJECT
35,34,0.05,1.3459656,1.3495227,1.3478382,4,2,0.9995151,0.003557086,OBJECT
35,35,0.05,1.3529195,1.3529195,1.3529195,1,2,0.9995889,0.0,OBJECT
35,36,0.05,1.353797,1.3596678,1.3566865,7,2,0.99966824,0.005870819,OBJECT
35,37,0.05,1.3606362,1.3624932,1.3612932,3,2,0.9997306,0.0018569231,OBJECT
35,38,0.05,1.363211,1.3710938,1.3670462,4,2,0.9997877,0.007882714,OBJECT
35,39,0.05,1.370976,1.3738571,1.3718307,8,2,0.9998251,0.0028811693,OBJECT
35,40,0.05,1.3730617,1.3789062,1.3767164,4,2,0.99984944,0.005844593,OBJECT
35,41,0.05,1.3790488,1.3790488,1.3790488,1,2,0.99987054,0.0,OBJECT
35,42,0.05,1.3862201,1.388172,1.3870333,6,2,0.9998962,0.0019519329,OBJECT
35,43,0.05,1.3908764,1.3929312,1.3918642,4,2,0.9999146,0.0020548105,OBJECT
35,44,0.05,1.3944517,1.396,1.3950913,4,2,0.99992764,0.0015482903,OBJECT
35,46,0.05,1.402544,1.4063253,1.4041452,3,2,0.99995184,0.0037813187,OBJECT
36,21,0.05,1.2821572,1.2821572,1.2821572,1,2,0.9974962,0.0,OBJECT
36,22,0.05,1.2826457,1.2884624,1.2851503,4,2,0.9974621,0.005816698,OBJECT
36,23,0.05,1.2898988,1.2941935,1.292412,4,2,0.9976982,0.004294753,OBJECT
36,24,0.05,1.294686,1.3007812,1.2983458,7,2,0.9978929,0.00609529,OBJECT
36,25,0.05,1.3057929,1.3071613,1.3064771,2,2,0.9981134,0.0013684034,OBJECT
36,26,0.05,1.3073932,1.310288,1.3091202,6,2,0.99821335,0.0028947592,OBJECT
36,27,0.05,1.3121768,1.3164062,1.3141897,5,2,0.99839324,0.0042294264,OBJECT
36,28,0.05,1.3193783,1.3248233,1.321949,4,2,0.99869794,0.0054450035,OBJECT
36,29,0.05,1.3242188,1.3294648,1.3255353,4,2,0.9988652,0.005246043,OBJECT
36,30,0.05,1.3300655,1.3332384,1.3314893,5,2,0.9990732,0.0031728745,OBJECT
36,31,0.05,1.3344,1.33863,1.3370985,7,2,0.9992102,0.004229903,OBJECT
36,32,0.05,1.3405735,1.3449824,1.3431944,5,2,0.999349,0.0044088364,OBJECT
36,33,0.05,1.3471835,1.3502492,1.3486137,9,2,0.99946374,0.0030657053,OBJECT
36,34,0.05,1.350977,1.352618,1.3515949,3,2,0.9995238,0.0016410351,OBJECT
36,36,0.05,1.3582705,1.365305,1.362821,7,2,0.9996994,0.007034421,OBJECT
36,37,0.05,1.3661041,1.3664099,1.366257,2,2,0.99975544,0.00030577183,OBJECT
36,38,0.05,1.3670207,1.375396,1.3709998,6,2,0.9997913,0.008375287,OBJECT
36,39,0.05,1.373802,1.3760073,1.3747921,4,2,0.9998269,0.0022053719,OBJECT
36,40,0.05,1.3776613,1.3821036,1.3793867,10,2,0.99985105,0.004442215,OBJECT
36,41,0.05,1.3824805,1.3872992,1.3853452,9,2,0.999881,0.004818678,OBJECT
36,42,0.05,1.3862348,1.3930954,1.3886995,7,2,0.99989754,0.006860614,OBJECT
36,43,0.05,1.3911045,1.3969538,1.3938227,7,2,0.99991524,0.0058493614,OBJECT
36,44,0.05,1.398499,1.4025731,1.4009508,3,2,0.999934,0.0040740967,OBJECT
36,45,0.05,1.4029242,1.4075259,1.4050475,8,2,0.99994344,0.004601717,OBJECT
36,46,0.05,1.4048225,1.4101562,1.408321,6,2,0.99995106,0.0053337812,OBJECT
36,48,0.05,1.4158839,1.4158839,1.4158839,1,2,0.999966,0.0,OBJECT
37,21,0.05,1.2851562,1.2873569,1.2858977,4,2,0.9976933,0.0022006035,OBJECT
37,22,0.05,1.2878282,1.2929688,1.2899654,5,2,0.9978207,0.005140543,OBJECT
37,23,0.05,1.2941142,1.2977608,1.2956988,3,2,0.99792385,0.0036466122,OBJECT
37,24,0.05,1.2998935,1.3039523,1.3017596,6,2,0.998091,0.004058838,OBJECT
37,25,0.05,1.3068874,1.3109428,1.3088167,10,2,0.9982599,0.004055381,OBJECT
37,26,0.05,1.3100071,1.3164062,1.3139169,7,2,0.998375,0.0063991547,OBJECT
37,27,0.05,1.316455,1.3227894,1.319783,6,2,0.99854565,0.006334424,OBJECT
37,28,0.05,1.3239836,1.3283722,1.3260607,5,2,0.99873793,0.00438869,OBJECT
37,29,0.05,1.3275583,1.3320312,1.3295105,5,2,0.9989009,0.004472971,OBJECT
37,30,0.05,1.3352442,1.3378203,1.3366724,3,2,0.99911696,0.0025761127,OBJECT
37,31,0.05,1.3397775,1.3398438,1.3398217,3,2,0.9992183,6.6280365e-05,OBJECT
37,32,0.05,1.3429908,1.3476562,1.3453236,2,2,0.9993581,0.004665494,OBJECT
37,33,0.05,1.3495337,1.3528198,1.3520024,5,2,0.9994729,0.0032861233,OBJECT
37,34,0.05,1.3550887,1.3570362,1.3558862,7,2,0.99955523,0.0019475222,OBJECT
37,35,0.05,1.3567053,1.3567053,1.3567053,1,2,0.9995888,0.0,OBJECT
37,36,0.05,1.3632812,1.3668733,1.3652304,5,2,0.99969083,0.0035920143,OBJECT
37,37,0.05,1.3707372,1.3727213,1.3717293,2,2,0.9997593,0.0019841194,OBJECT
37,38,0.05,1.375531,1.3761435,1.3758372,2,2,0.99980587,0.00061249733,OBJECT
37,39,0.05,1.380584,1.382701,1.3816426,2,2,0.9998411,0.0021170378,OBJECT
37,40,0.05,1.3820387,1.3820387,1.3820387,1,2,0.99985266,0.0,OBJECT
37,41,0.05,1.3867188,1.3913084,1.3892068,5,2,0.99988234,0.004589677,OBJECT
37,42,0.05,1.3919398,1.395472,1.3935854,9,2,0.9999023,0.0035322905,OBJECT
37,43,0.05,1.3945312,1.4023438,1.3987484,7,2,0.9999199,0.0078125,OBJECT
37,44,0.05,1.4024171,1.4071531,1.4047852,2,2,0.99993515,0.004736066,OBJECT
37,45,0.05,1.407303,1.4112169,1.4094114,4,2,0.9999479,0.0039138794,OBJECT
37,46,0.05,1.4145461,1.4173838,1.4163556,3,2,0.99995846,0.002837658,OBJECT
37,47,0.05,1.4179688,1.4191507,1.4183288,6,2,0.9999633,0.0011819601,OBJECT
37,48,0.05,1.4205524,1.4228703,1.4221263,4,2,0.99997115,0.0023179054,OBJECT
38,20,0.05,1.28655,1.2873422,1.286946,2,2,0.9979743,0.0007921457,OBJECT
38,21,0.05,1.2844654,1.2942297,1.2887657,6,2,0.9979537,0.009764314,OBJECT
38,22,0.05,1.2924157,1.2994238,1.2959175,8,2,0.9981125,0.0070080757,OBJECT
38,23,0.05,1.2982582,1.3008811,1.3003906,6,2,0.9982131,0.002622962,OBJECT
38,24,0.05,1.3062569,1.3088013,1.3076475,5,2,0.998347,0.002544403,OBJECT
38,25,0.05,1.3076324,1.3106863,1.309541,5,2,0.998339,0.0030539036,OBJECT
38,26,0.05,1.3134477,1.3210969,1.3171353,6,2,0.9985238,0.0076491833,OBJECT
38,27,0.05,1.3256924,1.3256924,1.3256924,1,2,0.9986866,0.0,OBJECT
38,28,0.05,1.3255112,1.3320312,1.328267,4,2,0.99877685,0.006520033,OBJECT
38,29,0.05,1.3320312,1.336056,1.3337919,4,2,0.998932,0.004024744,OBJECT
38,30,0.05,1.3381929,1.3392879,1.338773,5,2,0.99909174,0.0010949373,OBJECT
38,31,0.05,1.3411157,1.3463984,1.3431944,3,2,0.99923515,0.0052826405,OBJECT
38,32,0.05,1.3476562,1.3479075,1.3477796,3,2,0.99935055,0.00025129318,OBJECT
38,33,0.05,1.3515546,1.3554688,1.353266,4,2,0.99946463,0.003914118,OBJECT
38,34,0.05,1.3554688,1.3609673,1.3577249,7,2,0.9995456,0.0054985285,OBJECT
38,35,0.05,1.3611386,1.3645424,1.3628404,2,2,0.99962807,0.0034037828,OBJECT
38,36,0.05,1.366124,1.370595,1.3681154,3,2,0.9996962,0.0044709444,OBJECT
38,37,0.05,1.3702946,1.3753304,1.3722914,8,2,0.99975103,0.005035877,OBJECT
38,38,0.05,1.3772011,1.3789062,1.3783379,3,2,0.99979717,0.0017051697,OBJECT
38,39,0.05,1.3800023,1.3832097,1.381606,2,2,0.99982893,0.0032074451,OBJECT
38,40,0.05,1.3840884,1.388936,1.3870213,4,2,0.99985945,0.0048476458,OBJECT
38,41,0.05,1.3899248,1.394976,1.3921527,7,2,0.99988335,0.005051255,OBJECT
38,42,0.05,1.3945312,1.3991146,1.396665,7,2,0.99990404,0.0045833588,OBJECT
38,43,0.05,1.3997049,1.4033973,1.4018681,5,2,0.99992067,0.0036923885,OBJECT
38,44,0.05,1.4039451,1.4083896,1.4065965,8,2,0.9999353,0.00444448,OBJECT
38,45,0.05,1.413797,1.4155219,1.4146595,2,2,0.99995065,0.0017248392,OBJECT
38,46,0.05,1.417174,1.4212424,1.4186039,7,2,0.999959,0.0040683746,OBJECT
38,47,0.05,1.4211732,1.426449,1.4248539,5,2,0.9999673,0.0052757263,OBJECT
38,48,0.05,1.4238476,1.4302139,1.4273151,5,2,0.99997294,0.006366372,OBJECT
38,49,0.05,1.4318086,1.4318086,1.4318086,1,2,0.99997735,0.0,OBJECT
39,20,0.05,1.2876135,1.2889698,1.2883977,4,2,0.9980994,0.0013562441,OBJECT
39,21,0.05,1.2925471,1.2944677,1.2933278,3,2,0.9981887,0.0019205809,OBJECT
39,22,0.05,1.2959319,1.2973174,1.2967658,3,2,0.9982961,0.0013854504,OBJECT
39,23,0.05,1.3007812,1.301929,1.3012552,3,2,0.9983681,0.001147747,OBJECT
39,24,0.05,1.3062676,1.309463,1.3079954,6,2,0.998504,0.003195405,OBJECT
39,25,0.05,1.3117023,1.3162707,1.3135817,4,2,0.9985486,0.0045684576,OBJECT
39,26,0.05,1.3158747,1.3206288,1.317383,4,2,0.9986421,0.0047540665,OBJECT
39,28,0.05,1.3300256,1.3320312,1.3306967,3,2,0.99883956,0.0020056963,OBJECT
39,29,0.05,1.3320312,1.3353825,1.3335409,5,2,0.998937,0.0033512115,OBJECT
39,30,0.05,1.3391333,1.3398438,1.3396661,4,2,0.9991074,0.00071048737,OBJECT
39,31,0.05,1.3401171,1.3447124,1.3432407,4,2,0.9992597,0.0045952797,OBJECT
39,32,0.05,1.3470289,1.3500581,1.3482159,5,2,0.9993542,0.0030292273,OBJECT
39,33,0.05,1.3519858,1.3555385,1.3536272,6,2,0.9994692,0.0035526752,OBJECT
39,34,0.05,1.3556925,1.3590754,1.3575071,3,2,0.9995381,0.0033829212,OBJECT
39,35,0.05,1.3607397,1.3632812,1.3626947,5,2,0.99962777,0.002541542,OBJECT
39,36,0.05,1.3639183,1.3693906,1.3669779,4,2,0.99968797,0.0054723024,OBJECT
39,37,0.05,1.3706573,1.3745967,1.3726252,5,2,0.9997493,0.00393939,OBJECT
39,38,0.05,1.3762984,1.3815639,1.3790921,10,2,0.9997997,0.0052654743,OBJECT
39,40,0.05,1.3867188,1.3894422,1.3880805,2,2,0.9998647,0.0027234554,OBJECT
39,41,0.05,1.3917844,1.3945312,1.3934042,5,2,0.9998868,0.0027468204,OBJECT
39,42,0.05,1.398204,1.3995347,1.3989595,3,2,0.99990845,0.0013307333,OBJECT
39,43,0.05,1.4023438,1.404956,1.4032145,3,2,0.99992293,0.0026122332,OBJECT
39,45,0.05,1.4138633,1.4138633,1.4138633,1,2,0.9999535,0.0,OBJECT
39,46,0.05,1.4155077,1.424044,1.4190183,9,2,0.9999591,0.008536339,OBJECT
39,47,0.05,1.4240694,1.4257812,1.4252048,5,2,0.9999691,0.0017118454,OBJECT
39,48,0.05,1.4246283,1.429818,1.426323,9,2,0.9999736,0.0051897764,OBJECT
39,49,0.05,1.4282671,1.4328461,1.4305565,2,2,0.9999781,0.004578948,OBJECT
40,19,0.05,1.2851562,1.2851562,1.2851562,1,2,0.9981401,0.0,OBJECT
40,20,0.05,1.2881846,1.2941203,1.2907149,3,2,0.99827677,0.005935669,OBJECT
40,21,0.05,1.2929688,1.2980341,1.2951863,3,2,0.9983373,0.005065322,OBJECT
40,22,0.05,1.3007812,1.3008312,1.3007938,4,2,0.9984868,4.9948692e-05,OBJECT
40,23,0.05,1.3017203,1.3085501,1.304559,5,2,0.99855936,0.006829858,OBJECT
40,24,0.05,1.3085938,1.3102677,1.3093387,4,2,0.99865717,0.0016739368,OBJECT
40,25,0.05,1.3128849,1.3164062,1.3148971,4,2,0.9987219,0.0035213232,OBJECT
40,26,0.05,1.3164062,1.3211522,1.3189963,3,2,0.99875116,0.0047459602,OBJECT
40,27,0.05,1.323368,1.3271371,1.3252958,4,2,0.9988513,0.0037691593,OBJECT
40,28,0.05,1.32838,1.3321362,1.3297725,6,2,0.9989409,0.0037561655,OBJECT
40,29,0.05,1.3344421,1.3360671,1.3350449,3,2,0.99900705,0.0016249418,OBJECT
40,30,0.05,1.3382638,1.340221,1.3394051,6,2,0.99912333,0.0019572973,OBJECT
40,31,0.05,1.3418045,1.3449663,1.3433855,2,2,0.9992263,0.003161788,OBJECT
40,32,0.05,1.3470664,1.349782,1.3485278,6,2,0.9993692,0.0027155876,OBJECT
40,33,0.05,1.3502253,1.3555613,1.352711,10,2,0.99945706,0.005335927,OBJECT
40,34,0.05,1.3543693,1.3585315,1.3569175,3,2,0.99954396,0.0041621923,OBJECT
40,35,0.05,1.3610328,1.3611706,1.3611017,2,2,0.99961066,0.00013780594,OBJECT
40,36,0.05,1.3668599,1.369937,1.3684124,4,2,0.99970305,0.0030770302,OBJECT
40,37,0.05,1.3709008,1.3755993,1.3727496,5,2,0.9997457,0.004698515,OBJECT
40,38,0.05,1.3761175,1.3807759,1.3785121,7,2,0.9997991,0.0046584606,OBJECT
40,39,0.05,1.3820138,1.3844783,1.383002,4,2,0.9998282,0.0024645329,OBJECT
40,40,0.05,1.3863811,1.3890924,1.3873974,3,2,0.99985796,0.002711296,OBJECT
40,41,0.05,1.3938404,1.3938404,1.3938404,1,2,0.9998834,0.0,OBJECT
40,42,0.05,1.3986496,1.4023438,1.4003512,5,2,0.9999097,0.0036941767,OBJECT
40,43,0.05,1.4023438,1.4044302,1.4033711,4,2,0.99992245,0.002086401,OBJECT
40,44,0.05,1.4076706,1.4111961,1.4092703,3,2,0.99993926,0.0035254955,OBJECT
40,45,0.05,1.4140441,1.417041,1.4160397,5,2,0.9999539,0.0029968023,OBJECT
40,46,0.05,1.4161185,1.4227788,1.4189553,3,2,0.99995977,0.006660342,OBJECT
40,47,0.05,1.4221725,1.4274622,1.4250939,9,2,0.9999688,0.005289674,OBJECT
40,48,0.05,1.4284432,1.4295218,1.4289825,2,2,0.9999751,0.0010786057,OBJECT
40,49,0.05,1.4318933,1.4352279,1.4333001,6,2,0.99998003,0.0033345222,OBJECT
41,19,0.05,1.2901622,1.2901622,1.2901622,1,2,0.9983814,0.0,OBJECT
41,20,0.05,1.2929688,1.2957541,1.29441,5,2,0.9984263,0.002785325,OBJECT
41,21,0.05,1.2963059,1.2998776,1.2983804,5,2,0.99852705,0.0035717487,OBJECT
41,22,0.05,1.3020039,1.304605,1.303466,7,2,0.99861294,0.0026011467,OBJECT
41,23,0.05,1.3062713,1.310468,1.3075451,4,2,0.9987017,0.004196644,OBJECT
41,24,0.05,1.3113455,1.3143429,1.3131343,3,2,0.99881464,0.0029973984,OBJECT
41,25,0.05,1.3155931,1.3171675,1.3162042,4,2,0.9988295,0.0015743971,OBJECT
41,26,0.05,1.32155,1.32155,1.32155,1,2,0.99891615,0.0,OBJECT
41,27,0.05,1.3257972,1.3295178,1.3275394,4,2,0.9989544,0.0037206411,OBJECT
41,28,0.05,1.330263,1.3348356,1.3323052,8,2,0.9990444,0.00457263,OBJECT
41,29,0.05,1.334656,1.3384243,1.3361734,3,2,0.9990916,0.0037683249,OBJECT
41,30,0.05,1.3377514,1.3409989,1.3398148,7,2,0.9991551,0.0032474995,OBJECT
41,31,0.05,1.3427697,1.3444685,1.3434963,4,2,0.99922955,0.0016987324,OBJECT
41,32,0.05,1.3473624,1.3487501,1.3479717,8,2,0.9993428,0.0013877153,OBJECT
41,33,0.05,1.3501757,1.3541361,1.3523773,5,2,0.99944687,0.003960371,OBJECT
41,34,0.05,1.3562188,1.3614882,1.3586103,3,2,0.99955267,0.005269408,OBJECT
41,35,0.05,1.3627789,1.3632812,1.3630301,2,2,0.9996335,0.00050234795,OBJECT
41,36,0.05,1.3644451,1.3717064,1.3685737,8,2,0.9996967,0.0072612762,OBJECT
41,37,0.05,1.3709775,1.3751249,1.3728656,6,2,0.99974465,0.0041474104,OBJECT
41,38,0.05,1.377195,1.3839185,1.3807659,5,2,0.99980414,0.006723523,OBJECT
41,39,0.05,1.3854574,1.3894932,1.3873429,4,2,0.9998486,0.0040358305,OBJECT
41,40,0.05,1.3900545,1.3927432,1.3915066,3,2,0.9998708,0.0026887655,OBJECT
41,41,0.05,1.3945312,1.4001206,1.3978791,9,2,0.9998944,0.005589366,OBJECT
41,42,0.05,1.402839,1.4057844,1.4043117,2,2,0.9999207,0.0029454231,OBJECT
41,43,0.05,1.4063965,1.4063965,1.4063965,1,2,0.9999263,0.0,OBJECT
41,45,0.05,1.4176841,1.4200937,1.4184338,6,2,0.9999566,0.0024095774,OBJECT
41,46,0.05,1.4214815,1.4255947,1.4233738,3,2,0.99996465,0.0041131973,OBJECT
41,47,0.05,1.4257812,1.4288484,1.4274275,8,2,0.9999705,0.0030671358,OBJECT
41,48,0.05,1.4300307,1.4350305,1.4328825,5,2,0.99997747,0.004999757,OBJECT
41,49,0.05,1.4335938,1.4343358,1.4339647,2,2,0.99998015,0.0007420778,OBJECT
41,50,0.05,1.4395342,1.4395342,1.4395342,1,2,0.99998426,0.0,OBJECT
42,19,0.05,1.2911,1.2929688,1.2923459,3,2,0.9984875,0.0018687248,OBJECT
42,20,0.05,1.2940923,1.2967958,1.2951525,4,2,0.99852943,0.0027035475,OBJECT
42,21,0.05,1.2991146,1.3031008,1.300749,6,2,0.9986758,0.0039862394,OBJECT
42,22,0.05,1.302065,1.3057166,1.3043786,3,2,0.9987402,0.003651619,OBJECT
42,23,0.05,1.3081757,1.3112106,1.3094113,5,2,0.99881494,0.0030349493,OBJECT
42,24,0.05,1.312796,1.3171667,1.315857,5,2,0.99893427,0.0043706894,OBJECT
42,25,0.05,1.3206549,1.3229805,1.3218176,2,2,0.9990163,0.002325654,OBJECT
42,26,0.05,1.3230046,1.3242188,1.323814,3,2,0.9990073,0.0012141466,OBJECT
42,27,0.05,1.3280673,1.3301076,1.3289199,4,2,0.999079,0.002040267,OBJECT
42,28,0.05,1.3326533,1.3326533,1.3326533,1,2,0.9991068,0.0,OBJECT
42,29,0.05,1.3365762,1.3398438,1.3375295,6,2,0.99917847,0.0032675266,OBJECT
42,30,0.05,1.3398473,1.3398473,1.3398473,1,2,0.99921346,0.0,OBJECT
42,31,0.05,1.3476562,1.3476562,1.3476562,2,2,0.9993027,0.0,OBJECT
42,32,0.05,1.3507909,1.3507909,1.3507909,1,2,0.9993679,0.0,OBJECT
42,33,0.05,1.3521004,1.3566839,1.3542639,3,2,0.99944544,0.004583478,OBJECT
42,34,0.05,1.3572899,1.3632812,1.3609816,7,2,0.99956316,0.0059913397,OBJECT
42,36,0.05,1.3693672,1.3693672,1.3693672,1,2,0.9996978,0.0,OBJECT
42,37,0.05,1.3752767,1.3789062,1.3777207,4,2,0.9997668,0.0036295652,OBJECT
42,38,0.05,1.3801546,1.3867513,1.3831279,7,2,0.9998103,0.0065966845,OBJECT
42,39,0.05,1.3867188,1.3909557,1.3885653,5,2,0.9998457,0.0042369366,OBJECT
42,40,0.05,1.3972505,1.3972505,1.3972505,1,2,0.9998838,0.0,OBJECT
42,41,0.05,1.3988471,1.4025446,1.4012254,4,2,0.99990284,0.0036975145,OBJECT
42,42,0.05,1.4051135,1.4080709,1.4065676,4,2,0.99992216,0.0029574633,OBJECT
42,43,0.05,1.4087172,1.4101562,1.4095232,5,2,0.9999321,0.0014390945,OBJECT
42,44,0.05,1.4155875,1.4179688,1.4166927,6,2,0.99995023,0.0023812056,OBJECT
42,45,0.05,1.4193249,1.4219658,1.4206454,2,2,0.99995786,0.0026409626,OBJECT
42,46,0.05,1.424743,1.4267,1.4259514,5,2,0.99996793,0.0019569397,OBJECT
42,47,0.05,1.4296464,1.4336131,1.431354,4,2,0.99997324,0.003966689,OBJECT
42,48,0.05,1.4347414,1.4376589,1.4357004,5,2,0.9999794,0.0029175282,OBJECT
42,49,0.05,1.4365515,1.4388686,1.4377879,4,2,0.9999827,0.0023171902,OBJECT
42,50,0.05,1.4391257,1.4429328,1.4409584,3,2,0.9999857,0.003807187,OBJECT
43,19,0.05,1.2935476,1.2977395,1.2949866,3,2,0.99860764,0.0041918755,OBJECT
43,20,0.05,1.2952516,1.3007812,1.298938,3,2,0.998717,0.005529642,OBJECT
43,21,0.05,1.3010366,1.3047552,1.3033652,3,2,0.9987755,0.0037186146,OBJECT
43,22,0.05,1.3071678,1.3119125,1.3093448,3,2,0.9988796,0.004744768,OBJECT
43,23,0.05,1.3116952,1.3169106,1.3142996,9,2,0.99896485,0.0052154064,OBJECT
43,24,0.05,1.3164062,1.3201934,1.3182324,3,2,0.99900204,0.00378716,OBJECT
43,25,0.05,1.3198026,1.3265194,1.3240074,4,2,0.999102,0.006716728,OBJECT
43,26,0.05,1.3260727,1.3297971,1.327067,6,2,0.99912935,0.0037244558,OBJECT
43,27,0.05,1.3297665,1.3323714,1.3310232,5,2,0.99917364,0.0026048422,OBJECT
43,28,0.05,1.3329773,1.3390449,1.3362527,6,2,0.99922633,0.0060676336,OBJECT
43,29,0.05,1.3389748,1.3425876,1.3402547,7,2,0.9992786,0.0036127567,OBJECT
43,30,0.05,1.3426231,1.3426231,1.3426231,1,2,0.9992719,0.0,OBJECT
43,31,0.05,1.3455034,1.3472984,1.346401,2,2,0.9993142,0.0017949343,OBJECT
43,32,0.05,1.3494931,1.3558354,1.3525064,4,2,0.9993922,0.006342292,OBJECT
43,33,0.05,1.3552145,1.3595166,1.356952,4,2,0.9994687,0.004302144,OBJECT
43,34,0.05,1.3611102,1.3650295,1.3633444,5,2,0.9995686,0.003919244,OBJECT
43,35,0.05,1.3683913,1.3710938,1.369343,4,2,0.99964577,0.0027024746,OBJECT
43,36,0.05,1.3698123,1.3771312,1.3732672,9,2,0.9997122,0.0073189735,OBJECT
43,37,0.05,1.3797333,1.3810333,1.3803833,2,2,0.9997804,0.0012999773,OBJECT
43,38,0.05,1.3815566,1.3902879,1.3862803,8,2,0.9998236,0.008731246,OBJECT
43,39,0.05,1.3909633,1.3945312,1.3931726,4,2,0.9998642,0.003567934,OBJECT
43,40,0.05,1.3951845,1.4020319,1.3986082,2,2,0.9998871,0.0068473816,OBJECT
43,41,0.05,1.40058,1.4060138,1.4033604,6,2,0.99990624,0.005433798,OBJECT
43,42,0.05,1.407213,1.4127119,1.4104333,9,2,0.9999292,0.005498886,OBJECT
43,43,0.05,1.4122841,1.4151969,1.4137549,6,2,0.99994045,0.0029127598,OBJECT
43,44,0.05,1.4187777,1.4218768,1.4205483,5,2,0.99995613,0.003099084,OBJECT
43,45,0.05,1.4234476,1.426889,1.4252422,8,2,0.99996394,0.0034413338,OBJECT
43,46,0.05,1.4307927,1.4335938,1.4322351,6,2,0.99997306,0.0028010607,OBJECT
43,47,0.05,1.4340849,1.4379077,1.4363678,5,2,0.9999777,0.0038228035,OBJECT
43,48,0.05,1.4392753,1.4414062,1.4402698,3,2,0.9999817,0.0021309853,OBJECT
43,49,0.05,1.3398438,1.4446859,1.4175633,4,2,0.9999809,0.104842186,OBJECT
43,50,0.05,1.2304688,1.4489034,1.33592,19,2,0.9999611,0.21843469,OBJECT
44,18,0.05,1.2958424,1.2958424,1.2958424,1,2,0.9987143,0.0,OBJECT
44,19,0.05,1.2964113,1.3007812,1.2978902,6,2,0.9987559,0.004369974,OBJECT
44,20,0.05,1.2992477,1.3053954,1.3016934,5,2,0.99881727,0.006147623,OBJECT
44,21,0.05,1.3043627,1.3085938,1.3066084,7,2,0.99890095,0.0042310953,OBJECT
44,22,0.05,1.3081344,1.3131804,1.3109252,5,2,0.998977,0.00504601,OBJECT
44,23,0.05,1.314637,1.31913,1.317221,5,2,0.99906015,0.004492998,OBJECT
44,24,0.05,1.3225032,1.323471,1.3229871,2,2,0.99912274,0.000967741,OBJECT
44,25,0.05,1.3245709,1.3285297,1.3265502,2,2,0.999197,0.0039588213,OBJECT
44,26,0.05,1.3298306,1.3322029,1.3314464,4,2,0.9992466,0.0023722649,OBJECT
44,27,0.05,1.3326614,1.3366657,1.3346636,2,2,0.9992778,0.0040043592,OBJECT
44,28,0.05,1.3359665,1.3399724,1.3390014,7,2,0.99933106,0.004005909,OBJECT
44,29,0.05,1.3405083,1.3440317,1.342348,6,2,0.9993499,0.0035233498,OBJECT
44,30,0.05,1.3448224,1.3473073,1.346213,5,2,0.9993726,0.0024849176,OBJECT
44,31,0.05,1.3522907,1.3523506,1.3523207,2,2,0.9994381,5.9843063e-05,OBJECT
44,32,0.05,1.3538865,1.3580679,1.3553134,8,2,0.999455,0.004181385,OBJECT
44,33,0.05,1.3617643,1.3632812,1.3627481,5,2,0.99952775,0.0015169382,OBJECT
44,34,0.05,1.3653612,1.367183,1.3664827,3,2,0.9995806,0.0018217564,OBJECT
44,35,0.05,1.3705012,1.3705012,1.3705012,1,2,0.9996451,0.0,OBJECT
44,36,0.05,1.3742009,1.3816558,1.3784591,4,2,0.9997505,0.007454872,OBJECT
44,37,0.05,1.3826181,1.3867188,1.3852226,6,2,0.9998104,0.0041006804,OBJECT
44,38,0.05,1.3873949,1.3924307,1.3895053,5,2,0.99984044,0.005035758,OBJECT
44,39,0.05,1.395514,1.395514,1.395514,1,2,0.9998715,0.0,OBJECT
44,40,0.05,1.3997196,1.4048802,1.4022639,7,2,0.9998993,0.00516057,OBJECT
44,41,0.05,1.4044973,1.4073796,1.4059384,2,2,0.9999134,0.0028823614,OBJECT
44,42,0.05,1.41026,1.4151139,1.412063,5,2,0.9999337,0.004853964,OBJECT
44,43,0.05,1.4168568,1.419292,1.4180392,3,2,0.9999487,0.0024352074,OBJECT
44,44,0.05,1.4229021,1.424,1.4234511,2,2,0.99996126,0.0010979176,OBJECT
44,45,0.05,1.4257812,1.4306124,1.427952,4,2,0.9999671,0.004831195,OBJECT
44,46,0.05,1.4309858,1.4365042,1.4334533,7,2,0.9999739,0.0055184364,OBJECT
44,47,0.05,1.4361162,1.4361162,1.4361162,1,2,0.9999776,0.0,OBJECT
44,48,0.05,1.4398329,1.4445345,1.4423488,6,2,0.9999833,0.0047016144,OBJECT
44,49,0.05,1.2851562,1.4457862,1.3409384,13,2,0.9999661,0.16062999,OBJECT
44,50,0.05,1.1259757,1.4492188,1.1957772,23,2,0.9998569,0.32324302,OBJECT
45,18,0.05,1.2975919,1.2975919,1.2975919,1,2,0.9988483,0.0,OBJECT
45,19,0.05,1.2989082,1.3014668,1.3002205,4,2,0.9988871,0.002558589,OBJECT
45,20,0.05,1.304039,1.3084223,1.3061084,4,2,0.9989624,0.0043833256,OBJECT
45,21,0.05,1.3086807,1.310838,1.3098471,5,2,0.9990141,0.0021573305,OBJECT
45,22,0.05,1.3135327,1.3164062,1.3148592,3,2,0.9990793,0.00287354,OBJECT
45,23,0.05,1.3192357,1.3197085,1.3194721,2,2,0.9991249,0.00047278404,OBJECT
45,24,0.05,1.3231685,1.3262026,1.3244598,5,2,0.9991991,0.0030341148,OBJECT
45,26,0.05,1.3302529,1.3353292,1.332619,5,2,0.9992857,0.005076289,OBJECT
45,27,0.05,1.3348291,1.3398438,1.3377075,6,2,0.99934036,0.005014658,OBJECT
45,28,0.05,1.3398438,1.3421646,1.3411124,5,2,0.9993739,0.0023208857,OBJECT
45,29,0.05,1.3439676,1.3466562,1.3457373,5,2,0.9994213,0.0026886463,OBJECT
45,30,0.05,1.3496003,1.3533119,1.3514152,4,2,0.99946874,0.0037115812,OBJECT
45,31,0.05,1.3513442,1.3557234,1.3539622,8,2,0.99948204,0.0043791533,OBJECT
45,32,0.05,1.3578445,1.3625509,1.3595678,7,2,0.9995274,0.0047063828,OBJECT
45,33,0.05,1.3601903,1.3682164,1.364586,7,2,0.99956286,0.008026123,OBJECT
45,34,0.05,1.3673998,1.3714356,1.3695879,5,2,0.99962795,0.0040358305,OBJECT
45,35,0.05,1.3724706,1.3789062,1.3763582,4,2,0.9997173,0.0064356327,OBJECT
45,36,0.05,1.3809253,1.3828242,1.3818748,2,2,0.9997833,0.0018988848,OBJECT
45,37,0.05,1.3836524,1.3895892,1.3875078,3,2,0.9998203,0.005936742,OBJECT
45,38,0.05,1.3938866,1.3945312,1.3941851,3,2,0.99986124,0.00064468384,OBJECT
45,39,0.05,1.3945312,1.4029335,1.3988008,9,2,0.9998842,0.008402228,OBJECT
45,40,0.05,1.4033422,1.4056222,1.4040112,4,2,0.99990344,0.0022799969,OBJECT
45,41,0.05,1.4086488,1.4140966,1.4118569,4,2,0.9999294,0.0054477453,OBJECT
45,42,0.05,1.4147422,1.4158276,1.4152611,6,2,0.9999388,0.0010854006,OBJECT
45,43,0.05,1.4182798,1.4211662,1.4196335,4,2,0.99995244,0.0028864145,OBJECT
45,44,0.05,1.4226371,1.4257812,1.4240991,6,2,0.99996156,0.003144145,OBJECT
45,45,0.05,1.4277974,1.4279897,1.4279226,3,2,0.9999669,0.00019228458,OBJECT
45,46,0.05,1.4335473,1.4391947,1.4349823,4,2,0.9999751,0.005647421,OBJECT
45,47,0.05,1.4414062,1.4416871,1.4414765,4,2,0.9999818,0.0002808571,OBJECT
45,48,0.05,1.4414062,1.4457114,1.443912,5,2,0.9999846,0.0043051243,OBJECT
45,49,0.05,1.2539062,1.4450947,1.32747,11,2,0.999963,0.19118845,OBJECT
45,50,0.05,1.1210938,1.4492188,1.2397916,25,2,0.99988776,0.328125,OBJECT
46,18,0.05,1.2996653,1.2996653,1.2996653,1,2,0.99890125,0.0,OBJECT
46,19,0.05,1.2998931,1.3045083,1.301301,6,2,0.9989268,0.0046151876,OBJECT
46,21,0.05,1.3100258,1.3144016,1.3128846,5,2,0.9990808,0.0043758154,OBJECT
46,22,0.05,1.3164062,1.317138,1.3165716,5,2,0.9991337,0.0007317066,OBJECT
46,23,0.05,1.3181939,1.3220726,1.3196793,3,2,0.9991655,0.0038787127,OBJECT
46,24,0.05,1.3242188,1.3275284,1.3257928,4,2,0.9992342,0.0033096075,OBJECT
46,25,0.05,1.3286084,1.3320312,1.3305876,5,2,0.99928254,0.0034228563,OBJECT
46,26,0.05,1.3340096,1.3371505,1.335614,4,2,0.9993356,0.0031408072,OBJECT
46,27,0.05,1.3371128,1.3409886,1.3389446,8,2,0.9993696,0.0038758516,OBJECT
46,28,0.05,1.3417817,1.343364,1.3426596,3,2,0.99940515,0.0015822649,OBJECT
46,29,0.05,1.3461676,1.3476562,1.3473524,6,2,0.9994524,0.0014886856,OBJECT
46,30,0.05,1.3504184,1.3530164,1.352068,7,2,0.9994942,0.002597928,OBJECT
46,31,0.05,1.3541124,1.3593544,1.3567333,2,2,0.9995445,0.00524199,OBJECT
46,32,0.05,1.3594723,1.3632812,1.36188,6,2,0.99957323,0.0038089752,OBJECT
46,33,0.05,1.363417,1.3694743,1.3664296,4,2,0.99961996,0.0060572624,OBJECT
46,34,0.05,1.3710938,1.3747418,1.3728232,3,2,0.9997053,0.0036480427,OBJECT
46,35,0.05,1.3774375,1.3805465,1.379108,4,2,0.99976623,0.0031089783,OBJECT
46,36,0.05,1.381716,1.3867188,1.3834436,8,2,0.9997979,0.005002737,OBJECT
46,37,0.05,1.3867188,1.3922782,1.3897164,4,2,0.9998407,0.0055594444,OBJECT
46,38,0.05,1.3910336,1.3961818,1.3938619,8,2,0.99986434,0.0051481724,OBJECT
46,39,0.05,1.3994858,1.4033387,1.401997,4,2,0.9998976,0.0038528442,OBJECT
46,40,0.05,1.4023438,1.4087229,1.4068671,6,2,0.9999163,0.0063791275,OBJECT
46,41,0.05,1.410116,1.4135845,1.4115943,6,2,0.9999314,0.0034685135,OBJECT
46,42,0.05,1.4162475,1.4177175,1.4169824,2,2,0.9999465,0.0014699697,OBJECT
46,43,0.05,1.417655,1.4221182,1.4197952,7,2,0.9999556,0.004463196,OBJECT
46,44,0.05,1.4231597,1.4267355,1.4250832,4,2,0.999964,0.0035758018,OBJECT
46,45,0.05,1.428289,1.430596,1.4294425,2,2,0.9999709,0.0023069382,OBJECT
46,46,0.05,1.4335938,1.4377322,1.4353352,7,2,0.99997777,0.0041384697,OBJECT
46,47,0.05,1.4386488,1.4423364,1.4409494,4,2,0.99998236,0.0036876202,OBJECT
46,48,0.05,1.4414062,1.4453633,1.4436939,5,2,0.99998504,0.003957033,OBJECT
46,49,0.05,1.2226562,1.4492188,1.3408442,21,2,0.9999665,0.2265625,OBJECT
46,50,0.05,1.1174126,1.4511591,1.1954433,19,2,0.9998533,0.33374655,OBJECT
47,19,0.05,1.3007812,1.3050495,1.3038287,4,2,0.9989915,0.0042682886,OBJECT
47,20,0.05,1.3064808,1.3096135,1.308297,7,2,0.9990493,0.003132701,OBJECT
47,21,0.05,1.3129019,1.3142625,1.3136884,3,2,0.9991205,0.0013606548,OBJECT
47,22,0.05,1.3164062,1.3199195,1.3181694,5,2,0.9991785,0.003513217,OBJECT
47,23,0.05,1.3231206,1.325043,1.3241274,3,2,0.9992284,0.001922369,OBJECT
47,24,0.05,1.3242188,1.3307117,1.32733,8,2,0.9992702,0.0064929724,OBJECT
47,25,0.05,1.3320312,1.3320312,1.3320312,1,2,0.9993267,0.0,OBJECT
47,26,0.05,1.3342158,1.3342158,1.3342158,1,2,0.9993407,0.0,OBJECT
47,27,0.05,1.3401321,1.3415457,1.3407972,4,2,0.99942446,0.0014135838,OBJECT
47,28,0.05,1.3476562,1.3495002,1.3485782,2,2,0.9995005,0.0018439293,OBJECT
47,29,0.05,1.3476562,1.3528649,1.3502605,2,2,0.99951184,0.0052086115,OBJECT
47,30,0.05,1.3533231,1.3563553,1.3548248,5,2,0.9995495,0.0030322075,OBJECT
47,31,0.05,1.3602799,1.3602799,1.3602799,1,2,0.99961215,0.0,OBJECT
47,32,0.05,1.3632812,1.3632812,1.3632812,1,2,0.99966145,0.0,OBJECT
47,33,0.05,1.3663286,1.3729787,1.3697624,7,2,0.99970084,0.00665009,OBJECT
47,34,0.05,1.3766599,1.3785791,1.3773752,3,2,0.9997616,0.0019192696,OBJECT
47,35,0.05,1.3789062,1.3815446,1.3802254,2,2,0.99978244,0.00263834,OBJECT
47,36,0.05,1.3818846,1.3900645,1.3868487,7,2,0.9998244,0.008179903,OBJECT
47,37,0.05,1.3925251,1.3925251,1.3925251,1,2,0.9998584,0.0,OBJECT
47,38,0.05,1.394682,1.3980048,1.396555,5,2,0.9998782,0.0033227205,OBJECT
47,39,0.05,1.4023438,1.4048766,1.4033084,3,2,0.99990827,0.0025328398,OBJECT
47,40,0.05,1.4101063,1.4103198,1.410194,3,2,0.99992895,0.00021350384,OBJECT
47,41,0.05,1.4130177,1.4154456,1.4136992,4,2,0.99994075,0.0024278164,OBJECT
47,42,0.05,1.4163332,1.4186591,1.4177325,4,2,0.99995077,0.0023258924,OBJECT
47,43,0.05,1.4199505,1.4232689,1.4219891,3,2,0.9999611,0.003318429,OBJECT
47,44,0.05,1.4257812,1.4266561,1.4262187,2,2,0.99996865,0.000874877,OBJECT
47,45,0.05,1.4282268,1.4340987,1.4312742,4,2,0.99997365,0.005871892,OBJECT
47,46,0.05,1.4348679,1.4377079,1.4361998,5,2,0.99997914,0.002840042,OBJECT
47,47,0.05,1.4382128,1.4417821,1.4408336,4,2,0.9999831,0.0035693645,OBJECT
47,48,0.05,1.4429085,1.4453304,1.4444762,3,2,0.99998635,0.002421856,OBJECT
47,49,0.05,1.2226562,1.4469761,1.3361114,14,2,0.99996555,0.22431982,OBJECT
47,50,0.05,1.1256179,1.4461839,1.1909255,11,2,0.9998705,0.32056606,OBJECT
48,19,0.05,1.3030154,1.3060693,1.3039808,5,2,0.99902713,0.0030539036,OBJECT
48,21,0.05,1.3112851,1.3164062,1.3134469,3,2,0.99914676,0.005121112,OBJECT
48,22,0.05,1.3175544,1.3215379,1.3196813,4,2,0.9992202,0.0039834976,OBJECT
48,23,0.05,1.3241624,1.3295703,1.3264381,7,2,0.9992962,0.0054079294,OBJECT
48,24,0.05,1.3314259,1.3333904,1.3321252,4,2,0.99935985,0.0019644499,OBJECT
48,25,0.05,1.3326406,1.3375347,1.3357512,3,2,0.99939495,0.004894018,OBJECT
48,26,0.05,1.3363072,1.340325,1.338524,4,2,0.9994185,0.00401783,OBJECT
48,27,0.05,1.3414714,1.3476562,1.3438749,6,2,0.9994769,0.0061848164,OBJECT
48,28,0.05,1.3474592,1.3520776,1.3499503,6,2,0.99954456,0.0046184063,OBJECT
48,29,0.05,1.350842,1.3572702,1.3549521,4,2,0.9995958,0.0064282417,OBJECT
48,30,0.05,1.3554688,1.3570035,1.3560542,3,2,0.9996007,0.0015347004,OBJECT
48,31,0.05,1.3626945,1.363188,1.3629413,2,2,0.9996772,0.00049352646,OBJECT
48,32,0.05,1.3660694,1.3710938,1.3686008,5,2,0.9997117,0.005024314,OBJECT
48,33,0.05,1.3710938,1.3763388,1.3738976,5,2,0.99975204,0.0052450895,OBJECT
48,34,0.05,1.3759673,1.3813463,1.3788232,6,2,0.99978024,0.005379081,OBJECT
48,35,0.05,1.3814292,1.3848579,1.3833802,5,2,0.99981195,0.0034286976,OBJECT
48,36,0.05,1.3877732,1.3912021,1.3894359,3,2,0.99983996,0.003428936,OBJECT
48,37,0.05,1.3934159,1.3975047,1.3958162,5,2,0.9998733,0.0040887594,OBJECT
48,38,0.05,1.3977203,1.403702,1.4003961,7,2,0.99989253,0.0059816837,OBJECT
48,39,0.05,1.4026515,1.4062712,1.404912,6,2,0.99991363,0.0036196709,OBJECT
48,40,0.05,1.4084765,1.412417,1.4103014,4,2,0.99993,0.0039405823,OBJECT
48,41,0.05,1.4141946,1.4179603,1.4157891,4,2,0.9999447,0.0037657022,OBJECT
48,42,0.05,1.4170976,1.4198748,1.4184631,7,2,0.99995375,0.0027772188,OBJECT
48,43,0.05,1.4205687,1.424211,1.4224974,5,2,0.999963,0.0036423206,OBJECT
48,44,0.05,1.4273094,1.4300803,1.4289075,3,2,0.9999717,0.0027709007,OBJECT
48,45,0.05,1.4303157,1.4357369,1.4334364,6,2,0.99997616,0.0054211617,OBJECT
48,46,0.05,1.4365975,1.4393728,1.4379852,2,2,0.9999812,0.0027753115,OBJECT
48,47,0.05,1.4414062,1.4443367,1.4428737,5,2,0.99998504,0.0029304028,OBJECT
48,48,0.05,1.4452525,1.4471673,1.4458386,4,2,0.9999877,0.0019147396,OBJECT
48,49,0.05,1.2460938,1.4492188,1.3716013,20,2,0.999976,0.203125,OBJECT
48,50,0.05,1.1523438,1.4492188,1.2246094,12,2,0.9999005,0.296875,OBJECT
49,20,0.05,1.3080064,1.3094018,1.308708,4,2,0.99914986,0.0013953447,OBJECT
49,21,0.05,1.3138082,1.31859,1.3165028,5,2,0.99924356,0.004781842,OBJECT
49,22,0.05,1.319486,1.3242188,1.3213539,4,2,0.999286,0.004732728,OBJECT
49,23,0.05,1.3242188,1.3296151,1.3267671,6,2,0.9993499,0.005396366,OBJECT
49,24,0.05,1.3309639,1.3323631,1.3319265,4,2,0.99940276,0.0013992786,OBJECT
49,25,0.05,1.3352139,1.3398438,1.3383003,3,2,0.9994653,0.0046298504,OBJECT
49,26,0.05,1.3392309,1.3449378,1.3424753,6,2,0.9995118,0.0057069063,OBJECT
49,27,0.05,1.3438518,1.3478326,1.3464469,3,2,0.99954873,0.003980756,OBJECT
49,28,0.05,1.3518233,1.3530737,1.3522905,3,2,0.99960786,0.0012503862,OBJECT
49,29,0.05,1.3568459,1.3574224,1.3571341,2,2,0.99965656,0.0005764961,OBJECT
49,30,0.05,1.3615448,1.365209,1.3630497,4,2,0.9997144,0.003664136,OBJECT
49,31,0.05,1.366678,1.3699516,1.3678936,3,2,0.99973726,0.0032736063,OBJECT
49,32,0.05,1.3710938,1.3714839,1.3712888,2,2,0.9997424,0.000390172,OBJECT
49,33,0.05,1.377038,1.3808197,1.3786776,4,2,0.9997957,0.0037816763,OBJECT
49,34,0.05,1.3796887,1.3867188,1.3840326,3,2,0.9998276,0.00703001,OBJECT
49,35,0.05,1.3856505,1.3916323,1.3881294,5,2,0.9998447,0.005981803,OBJECT
49,36,0.05,1.3916303,1.3973162,1.3945241,4,2,0.9998648,0.0056859255,OBJECT
49,37,0.05,1.3970988,1.3997985,1.3985624,3,2,0.9998851,0.0026997328,OBJECT
49,38,0.05,1.402124,1.4048218,1.4036698,4,2,0.99990636,0.0026977062,OBJECT
49,39,0.05,1.405399,1.4085282,1.4068751,6,2,0.9999191,0.0031292439,OBJECT
49,40,0.05,1.4119247,1.4142776,1.4134,3,2,0.99993926,0.0023528337,OBJECT
49,41,0.05,1.4156281,1.4182836,1.4173555,7,2,0.9999499,0.0026555061,OBJECT
49,42,0.05,1.4215443,1.4215443,1.4215443,1,2,0.99996126,0.0,OBJECT
49,43,0.05,1.422572,1.4257812,1.424293,6,2,0.9999666,0.0032092333,OBJECT
49,44,0.05,1.4257812,1.4303505,1.4281759,7,2,0.99997216,0.004569292,OBJECT
49,45,0.05,1.4331982,1.4377042,1.43575,7,2,0.99997884,0.004505992,OBJECT
49,46,0.05,1.4382172,1.4426006,1.4411808,12,2,0.99998313,0.004383445,OBJECT
49,47,0.05,1.4440604,1.444789,1.4444247,2,2,0.9999854,0.0007286072,OBJECT
49,48,0.05,1.4492188,1.4505253,1.4494225,7,2,0.99998903,0.0013065338,OBJECT
49,49,0.05,1.2226562,1.4509047,1.3256305,21,2,0.9999636,0.22824848,OBJECT
49,50,0.05,1.1601562,1.2148438,1.1836443,5,2,0.9998913,0.0546875,OBJECT
50,19,0.05,1.306667,1.3081074,1.3073871,2,2,0.99920154,0.0014404058,OBJECT
50,20,0.05,1.3085938,1.3128964,1.3104656,8,2,0.9992279,0.004302621,OBJECT
50,21,0.05,1.3153331,1.320363,1.3168166,6,2,0.9993015,0.0050299168,OBJECT
50,22,0.05,1.3213146,1.3269718,1.3242501,11,2,0.9993679,0.005657196,OBJECT
50,23,0.05,1.327868,1.3336157,1.3313978,7,2,0.9994402,0.005747676,OBJECT
50,24,0.05,1.3337251,1.3361157,1.334948,3,2,0.9994664,0.002390623,OBJECT
50,25,0.05,1.3393545,1.3417268,1.3402548,7,2,0.9995326,0.0023722649,OBJECT
50,26,0.05,1.3430216,1.346716,1.3453472,4,2,0.99958396,0.003694415,OBJECT
50,27,0.05,1.3476562,1.3518714,1.3493088,5,2,0.99961865,0.0042151213,OBJECT
50,28,0.05,1.3543774,1.3553984,1.354888,2,2,0.9996571,0.0010210276,OBJECT
50,29,0.05,1.356591,1.3611134,1.359127,6,2,0.9997032,0.004522443,OBJECT
50,30,0.05,1.3632812,1.3660992,1.3645964,4,2,0.99974597,0.0028179884,OBJECT
50,31,0.05,1.3671367,1.3708271,1.3694997,3,2,0.9997632,0.003690362,OBJECT
50,32,0.05,1.3759352,1.3789062,1.3779644,6,2,0.99980855,0.0029710531,OBJECT
50,33,0.05,1.3789062,1.3842113,1.381829,5,2,0.999828,0.005305052,OBJECT
50,34,0.05,1.3844752,1.3889062,1.3862736,4,2,0.9998501,0.0044310093,OBJECT
50,35,0.05,1.3903284,1.3912805,1.3906447,5,2,0.9998638,0.0009521246,OBJECT
50,36,0.05,1.393635,1.393635,1.393635,1,2,0.99987733,0.0,OBJECT
50,37,0.05,1.3987693,1.4029711,1.4009247,3,2,0.99989814,0.004201889,OBJECT
50,38,0.05,1.4023438,1.4065475,1.4035652,7,2,0.9999089,0.0042037964,OBJECT
50,39,0.05,1.4101562,1.4101562,1.4101562,2,2,0.9999305,0.0,OBJECT
50,40,0.05,1.4132657,1.4134557,1.4133607,2,2,0.999939,0.00019001961,OBJECT
50,41,0.05,1.4172642,1.419271,1.4180753,4,2,0.9999523,0.0020067692,OBJECT
50,43,0.05,1.4240586,1.4278439,1.4259824,5,2,0.9999693,0.0037853718,OBJECT
50,44,0.05,1.4287395,1.433785,1.4325107,6,2,0.9999764,0.005045414,OBJECT
50,45,0.05,1.4335222,1.43828,1.4360821,9,2,0.99997985,0.004757762,OBJECT
50,46,0.05,1.4411018,1.445654,1.4425532,7,2,0.9999842,0.004552245,OBJECT
50,47,0.05,1.446168,1.4492188,1.44753,4,2,0.9999872,0.0030508041,OBJECT
50,48,0.05,1.4492188,1.4530281,1.4503239,6,2,0.99998957,0.0038093328,OBJECT
50,49,0.05,1.2148438,1.4570312,1.3338099,23,2,0.9999699,0.2421875,OBJECT
50,50,0.05,1.1604536,1.4544978,1.2644428,7,2,0.9999255,0.29404426,OBJECT
51,19,0.05,1.3082619,1.3082619,1.3082619,1,2,0.99924123,0.0,OBJECT
51,20,0.05,1.3121994,1.3156936,1.3136393,3,2,0.99931127,0.0034942627,OBJECT
51,21,0.05,1.315921,1.3219239,1.3181069,8,2,0.9993584,0.006002903,OBJECT
51,22,0.05,1.323424,1.324931,1.3241829,6,2,0.9994275,0.0015070438,OBJECT
51,23,0.05,1.3291681,1.3331506,1.3313118,8,2,0.9994923,0.003982544,OBJECT
51,24,0.05,1.3363712,1.337515,1.3369431,2,2,0.9995438,0.0011438131,OBJECT
51,25,0.05,1.3409641,1.342856,1.3419493,4,2,0.99958324,0.0018919706,OBJECT
51,26,0.05,1.343997,1.3474256,1.3462285,3,2,0.9996312,0.0034285784,OBJECT
51,27,0.05,1.3487866,1.3536334,1.3514585,7,2,0.9996834,0.0048468113,OBJECT
51,28,0.05,1.3537105,1.3586785,1.3556892,12,2,0.9997185,0.004967928,OBJECT
51,29,0.05,1.3590746,1.3639693,1.3617601,8,2,0.99974954,0.0048947334,OBJECT
51,30,0.05,1.3666635,1.3692794,1.3681813,3,2,0.99977976,0.0026159286,OBJECT
51,31,0.05,1.369923,1.3740112,1.3721999,4,2,0.99979436,0.0040881634,OBJECT
51,32,0.05,1.3751887,1.3809447,1.3778985,7,2,0.999829,0.0057560205,OBJECT
51,33,0.05,1.3801185,1.386568,1.3833559,7,2,0.9998507,0.006449461,OBJECT
51,34,0.05,1.3861157,1.3903394,1.3876014,11,2,0.99986476,0.0042237043,OBJECT
51,35,0.05,1.3915396,1.3945312,1.3934684,4,2,0.99988824,0.0029916763,OBJECT
51,36,0.05,1.3978251,1.3989924,1.3984088,2,2,0.9999032,0.0011672974,OBJECT
51,37,0.05,1.400486,1.4038314,1.4018345,5,2,0.99991053,0.0033453703,OBJECT
51,38,0.05,1.4050663,1.4056164,1.4053414,2,2,0.9999202,0.0005501509,OBJECT
51,39,0.05,1.4101562,1.4107753,1.4103626,3,2,0.9999337,0.00061905384,OBJECT
51,40,0.05,1.4134833,1.4152343,1.4146036,6,2,0.9999458,0.0017510653,OBJECT
51,41,0.05,1.4159158,1.4204662,1.4180311,8,2,0.9999543,0.004550338,OBJECT
51,42,0.05,1.4205123,1.423444,1.4222921,5,2,0.99996245,0.002931714,OBJECT
51,43,0.05,1.4257812,1.4261988,1.4259205,3,2,0.9999687,0.00041759014,OBJECT
51,44,0.05,1.4310081,1.4365556,1.4333099,5,2,0.99997693,0.0055475235,OBJECT
51,45,0.05,1.4372153,1.4423289,1.4401299,6,2,0.9999823,0.0051136017,OBJECT
51,46,0.05,1.4414062,1.4482299,1.4440886,7,2,0.9999853,0.006823659,OBJECT
51,47,0.05,1.4478937,1.4511516,1.4491978,3,2,0.9999879,0.0032578707,OBJECT
51,48,0.05,1.451394,1.4557481,1.453605,5,2,0.9999908,0.0043541193,OBJECT
51,49,0.05,1.2851562,1.4570312,1.3815385,12,2,0.9999821,0.171875,OBJECT
52,20,0.05,1.3117306,1.3164062,1.3144661,4,2,0.9993868,0.0046756268,OBJECT
52,21,0.05,1.3178463,1.3254102,1.3231858,5,2,0.9994755,0.0075639486,OBJECT
52,22,0.05,1.3270704,1.3301086,1.3283076,4,2,0.99952304,0.0030382872,OBJECT
52,23,0.05,1.3320312,1.3360964,1.3332567,6,2,0.9995548,0.004065156,OBJECT
52,24,0.05,1.3359228,1.3404672,1.3380301,5,2,0.99960977,0.0045443773,OBJECT
52,25,0.05,1.3412021,1.3450916,1.3425928,3,2,0.9996546,0.0038894415,OBJECT
52,26,0.05,1.349096,1.349096,1.349096,1,2,0.9996934,0.0,OBJECT
52,27,0.05,1.3536407,1.3554688,1.3545053,4,2,0.999735,0.0018280745,OBJECT
52,29,0.05,1.3622931,1.3622931,1.3622931,1,2,0.99978226,0.0,OBJECT
52,30,0.05,1.3691089,1.3703694,1.3697392,2,2,0.99981564,0.001260519,OBJECT
52,31,0.05,1.37163,1.376562,1.3729954,7,2,0.9998278,0.004932046,OBJECT
52,32,0.05,1.3771981,1.3774656,1.3773319,2,2,0.99984735,0.00026750565,OBJECT
52,33,0.05,1.384806,1.384806,1.384806,1,2,0.99986756,0.0,OBJECT
52,34,0.05,1.3896184,1.3905787,1.3900986,2,2,0.9998874,0.00096035004,OBJECT
52,35,0.05,1.3922385,1.3922385,1.3922385,1,2,0.99988973,0.0,OBJECT
52,36,0.05,1.3969852,1.4001242,1.3984767,6,2,0.99991244,0.003139019,OBJECT
52,37,0.05,1.4004945,1.403852,1.4023473,4,2,0.9999212,0.0033575296,OBJECT
52,38,0.05,1.4053911,1.4084845,1.4069709,4,2,0.99993044,0.0030933619,OBJECT
52,39,0.05,1.4088922,1.412854,1.4111696,5,2,0.99993974,0.0039618015,OBJECT
52,40,0.05,1.4136883,1.4170806,1.415235,4,2,0.9999497,0.0033923388,OBJECT
52,41,0.05,1.4167365,1.4214904,1.4185734,4,2,0.99995625,0.0047539473,OBJECT
52,42,0.05,1.423279,1.4257812,1.4242514,3,2,0.9999652,0.002502203,OBJECT
52,43,0.05,1.4274048,1.4335797,1.4304922,2,2,0.9999732,0.006174922,OBJECT
52,44,0.05,1.4335938,1.4379241,1.4355087,4,2,0.99997807,0.0043303967,OBJECT
52,45,0.05,1.4393095,1.4437335,1.4409626,4,2,0.99998266,0.004423976,OBJECT
52,46,0.05,1.4451071,1.4503833,1.4482257,4,2,0.999987,0.005276203,OBJECT
52,47,0.05,1.4516103,1.4541731,1.4529601,3,2,0.9999897,0.0025627613,OBJECT
52,48,0.05,1.4532804,1.4591013,1.4558425,6,2,0.9999912,0.0058208704,OBJECT
52,49,0.05,1.4592874,1.4593419,1.4593146,2,2,0.99999267,5.4478645e-05,OBJECT
53,21,0.05,1.3200259,1.3242188,1.3233737,6,2,0.9995269,0.004192829,OBJECT
53,22,0.05,1.3282781,1.3311151,1.3293205,3,2,0.9995871,0.0028370619,OBJECT
53,23,0.05,1.3320312,1.3352684,1.3339739,5,2,0.9996104,0.0032371283,OBJECT
53,24,0.05,1.3398438,1.3411993,1.3403863,6,2,0.9996727,0.0013555288,OBJECT
53,25,0.05,1.3085037,1.3457177,1.3337231,5,2,0.99966276,0.03721392,OBJECT
53,26,0.05,1.3117119,1.3398438,1.3257778,2,2,0.99966896,0.028131843,OBJECT
53,27,0.05,1.3168706,1.3559972,1.3392001,8,2,0.999731,0.039126635,OBJECT
53,28,0.05,1.3220751,1.3589889,1.3405308,4,2,0.99975646,0.036913753,OBJECT
53,29,0.05,1.3279659,1.3655093,1.3484756,10,2,0.99978733,0.037543416,OBJECT
53,30,0.05,1.3361081,1.3693821,1.3578485,7,2,0.9998161,0.033274055,OBJECT
53,31,0.05,1.3398438,1.376499,1.3606517,8,2,0.9998348,0.036655307,OBJECT
53,32,0.05,1.3470517,1.3797987,1.3711513,5,2,0.99985963,0.03274691,OBJECT
53,33,0.05,1.3554688,1.3854816,1.3732857,3,2,0.9998712,0.030012846,OBJECT
53,34,0.05,1.3548774,1.3913469,1.3790008,8,2,0.99988925,0.03646958,OBJECT
53,35,0.05,1.3599796,1.3948178,1.3844084,9,2,0.9999034,0.0348382,OBJECT
53,36,0.05,1.3710938,1.399703,1.3868097,8,2,0.9999126,0.028609276,OBJECT
53,37,0.05,1.3705899,1.4023438,1.3906054,8,2,0.9999205,0.031753898,OBJECT
53,38,0.05,1.3752929,1.4070235,1.393182,5,2,0.9999304,0.03173065,OBJECT
53,39,0.05,1.3770747,1.4110212,1.3999391,9,2,0.99993855,0.033946514,OBJECT
53,40,0.05,1.3852178,1.4171259,1.4014658,6,2,0.9999478,0.031908154,OBJECT
53,41,0.05,1.3945312,1.4185145,1.4102281,6,2,0.9999568,0.02398324,OBJECT
53,42,0.05,1.3971391,1.4246305,1.4160075,4,2,0.9999651,0.02749145,OBJECT
53,43,0.05,1.4023438,1.4258901,1.419949,4,2,0.99997187,0.023546338,OBJECT
53,44,0.05,1.4101562,1.4391897,1.4265764,5,2,0.9999768,0.029033422,OBJECT
53,45,0.05,1.4335938,1.4470454,1.4415624,7,2,0.99998313,0.013451695,OBJECT
53,46,0.05,1.4492188,1.4508518,1.4499674,4,2,0.9999875,0.001633048,OBJECT
53,47,0.05,1.4537014,1.4597604,1.4567308,2,2,0.9999903,0.0060590506,OBJECT
53,48,0.05,1.4570312,1.4602661,1.4587911,3,2,0.9999917,0.0032348633,OBJECT
54,21,0.05,1.3242306,1.3242306,1.3242306,1,2,0.9995641,0.0,OBJECT
54,22,0.05,1.3288516,1.3316662,1.3302588,2,2,0.99963707,0.0028146505,OBJECT
54,23,0.05,1.3320312,1.3376858,1.3350308,5,2,0.99966514,0.0056545734,OBJECT
54,24,0.05,1.3395414,1.3424627,1.3407589,7,2,0.9997207,0.0029212236,OBJECT
54,25,0.05,1.3099494,1.3320312,1.3235165,5,2,0.9996665,0.022081852,OBJECT
54,26,0.05,1.3119454,1.3164062,1.3142748,3,2,0.9996703,0.0044608116,OBJECT
54,27,0.05,1.3164062,1.3236287,1.3200175,2,2,0.9997158,0.007222414,OBJECT
54,28,0.05,1.3212062,1.3257003,1.3235449,5,2,0.9997357,0.004494071,OBJECT
54,29,0.05,1.3270661,1.3283428,1.3277044,2,2,0.9997589,0.0012767315,OBJECT
54,30,0.05,1.3320312,1.33479,1.3334106,2,2,0.9997894,0.0027587414,OBJECT
54,31,0.05,1.3389146,1.3403062,1.3397986,7,2,0.9998212,0.00139153,OBJECT
54,32,0.05,1.3421354,1.3513669,1.3461697,4,2,0.9998452,0.009231448,OBJECT
54,33,0.05,1.3475862,1.3554688,1.3519537,5,2,0.9998628,0.007882595,OBJECT
54,34,0.05,1.3532535,1.3574023,1.354569,5,2,0.9998735,0.004148841,OBJECT
54,35,0.05,1.3603851,1.3644071,1.3621374,3,2,0.99989384,0.004022002,OBJECT
54,36,0.05,1.3661841,1.3661841,1.3661841,1,2,0.9999014,0.0,OBJECT
54,37,0.05,1.3702103,1.3702103,1.3702103,1,2,0.9999162,0.0,OBJECT
54,38,0.05,1.3747609,1.3789062,1.3768859,3,2,0.9999272,0.004145384,OBJECT
54,39,0.05,1.3789062,1.3842398,1.3817236,5,2,0.9999366,0.005333543,OBJECT
54,40,0.05,1.3838335,1.3874007,1.3861622,6,2,0.99994487,0.0035672188,OBJECT
54,41,0.05,1.3867188,1.3956065,1.3914703,6,2,0.9999528,0.008887768,OBJECT
54,42,0.05,1.3956996,1.3956996,1.3956996,1,2,0.99995947,0.0,OBJECT
54,43,0.05,1.4023438,1.4140923,1.4081728,8,2,0.999971,0.011748552,OBJECT
54,44,0.05,1.4121096,1.4161594,1.4140555,4,2,0.99997604,0.004049778,OBJECT
54,45,0.05,1.4178605,1.4414062,1.4279978,7,2,0.9999816,0.023545742,OBJECT
54,46,0.05,1.4492188,1.4591905,1.4534276,5,2,0.9999882,0.009971738,OBJECT
54,47,0.05,1.4570312,1.4609936,1.4585848,3,2,0.99999064,0.0039623976,OBJECT
55,22,0.05,1.3320312,1.3352814,1.3338301,5,2,0.9996978,0.003250122,OBJECT
55,23,0.05,1.3369884,1.3398438,1.3383448,5,2,0.99973184,0.002855301,OBJECT
55,24,0.05,1.3398438,1.3454572,1.3428729,5,2,0.9997627,0.0056134462,OBJECT
55,25,0.05,1.31106,1.3375164,1.3216609,3,2,0.99971414,0.026456475,OBJECT
55,26,0.05,1.312001,1.3242188,1.3158022,4,2,0.9997111,0.01221776,OBJECT
55,27,0.05,1.3242188,1.3380014,1.3326857,8,2,0.99977565,0.01378262,OBJECT
55,28,0.05,1.3395212,1.3445139,1.3427263,5,2,0.99982023,0.0049927235,OBJECT
55,29,0.05,1.3363048,1.345892,1.3421372,5,2,0.9998189,0.009587169,OBJECT
55,30,0.05,1.3409956,1.3538697,1.3481643,7,2,0.9998421,0.012874126,OBJECT
55,31,0.05,1.3566022,1.3572853,1.3569437,2,2,0.9998679,0.00068306923,OBJECT
55,32,0.05,1.3528609,1.3637308,1.3605871,4,2,0.99987775,0.010869861,OBJECT
55,33,0.05,1.3612666,1.3709347,1.3668091,5,2,0.9998953,0.009668112,OBJECT
55,34,0.05,1.3640236,1.3753816,1.3698101,5,2,0.9999031,0.011358023,OBJECT
55,35,0.05,1.3710938,1.3801881,1.3762351,8,2,0.99991685,0.0090943575,OBJECT
55,36,0.05,1.3789062,1.3850735,1.3825543,5,2,0.9999283,0.0061672926,OBJECT
55,37,0.05,1.3860928,1.3907865,1.3877401,6,2,0.99993557,0.0046937466,OBJECT
55,38,0.05,1.3867188,1.3958726,1.392377,6,2,0.9999439,0.009153843,OBJECT
55,39,0.05,1.3967452,1.3994062,1.3978801,4,2,0.9999507,0.0026609898,OBJECT
55,40,0.05,1.4023438,1.4074092,1.4051602,5,2,0.9999584,0.005065441,OBJECT
55,41,0.05,1.4081087,1.4101562,1.4093324,3,2,0.999963,0.0020475388,OBJECT
55,42,0.05,1.407946,1.4218371,1.4166484,4,2,0.9999713,0.013891101,OBJECT
55,43,0.05,1.4138312,1.4257812,1.4226879,6,2,0.99997616,0.011950016,OBJECT
55,44,0.05,1.4154822,1.4199892,1.4176995,7,2,0.99997836,0.004507065,OBJECT
55,45,0.05,1.4333316,1.4542611,1.4447566,6,2,0.99998575,0.020929456,OBJECT
55,46,0.05,1.4570312,1.4571916,1.4571114,2,2,0.9999891,0.0001603365,OBJECT
55,47,0.05,1.4584136,1.4622146,1.4609238,4,2,0.99999076,0.0038009882,OBJECT
56,23,0.05,1.3385679,1.341076,1.3402056,5,2,0.99977064,0.0025081635,OBJECT
56,24,0.05,1.3412837,1.348215,1.3445435,5,2,0.99979496,0.006931305,OBJECT
56,25,0.05,1.3113751,1.3392186,1.322567,8,2,0.9997566,0.027843475,OBJECT
56,26,0.05,1.3142285,1.3347733,1.319826,9,2,0.99975926,0.020544767,OBJECT
56,27,0.05,1.3372872,1.3398438,1.3385655,2,2,0.99981755,0.0025565624,OBJECT
56,28,0.05,1.3418019,1.3430538,1.3424278,2,2,0.99982893,0.001251936,OBJECT
56,29,0.05,1.3472974,1.3520297,1.3487891,4,2,0.99985695,0.004732251,OBJECT
56,30,0.05,1.3525064,1.3557774,1.3539368,6,2,0.9998695,0.0032709837,OBJECT
56,31,0.05,1.3566176,1.3620862,1.3602871,8,2,0.99988824,0.005468607,OBJECT
56,32,0.05,1.3626376,1.3654727,1.36374,7,2,0.99989444,0.0028350353,OBJECT
56,33,0.05,1.3689063,1.3710938,1.3702515,5,2,0.9999086,0.0021874905,OBJECT
56,34,0.05,1.3728776,1.3772842,1.3748053,5,2,0.99992216,0.0044065714,OBJECT
56,35,0.05,1.3769698,1.3790272,1.3782196,3,2,0.9999254,0.0020574331,OBJECT
56,36,0.05,1.3839266,1.3877257,1.385801,5,2,0.9999404,0.0037990808,OBJECT
56,38,0.05,1.3937819,1.3982491,1.3955208,3,2,0.99995023,0.004467249,OBJECT
56,39,0.05,1.4004483,1.4042561,1.4025477,7,2,0.9999589,0.0038077831,OBJECT
56,40,0.05,1.4056122,1.4118203,1.4081078,6,2,0.99996376,0.006208062,OBJECT
56,41,0.05,1.414303,1.4191996,1.4171915,6,2,0.9999714,0.004896641,OBJECT
56,42,0.05,1.4196473,1.4257812,1.4231415,9,2,0.9999759,0.006133914,OBJECT
56,43,0.05,1.4264777,1.4302145,1.4282707,5,2,0.9999793,0.0037368536,OBJECT
56,44,0.05,1.4203817,1.4219446,1.4210932,4,2,0.99998,0.001562953,OBJECT
56,45,0.05,1.4361982,1.4574572,1.4477569,8,2,0.9999872,0.02125895,OBJECT
56,46,0.05,1.4570312,1.4614502,1.4591304,3,2,0.99998975,0.004418969,OBJECT
57,24,0.05,1.3469609,1.3476294,1.3472952,2,2,0.99982643,0.0006685257,OBJECT
57,25,0.05,1.3123732,1.328974,1.3200556,7,2,0.9997799,0.016600847,OBJECT
57,26,0.05,1.314658,1.3360057,1.3221567,5,2,0.99980277,0.021347642,OBJECT
57,27,0.05,1.3368688,1.3411545,1.3392186,8,2,0.999843,0.004285693,OBJECT
57,28,0.05,1.3425343,1.347114,1.3453753,7,2,0.9998618,0.0045796633,OBJECT
57,29,0.05,1.3476562,1.352449,1.3508971,4,2,0.99987817,0.0047928095,OBJECT
57,30,0.05,1.3541352,1.358082,1.3554018,4,2,0.9998867,0.0039469004,OBJECT
57,31,0.05,1.3583431,1.3652526,1.3619273,7,2,0.9999019,0.0069094896,OBJECT
57,32,0.05,1.365665,1.3675469,1.366606,2,2,0.9999128,0.001881957,OBJECT
57,33,0.05,1.3698357,1.3749566,1.3730557,5,2,0.99992526,0.0051208735,OBJECT
57,34,0.05,1.373795,1.3774797,1.3763063,5,2,0.99992895,0.00368464,OBJECT
57,35,0.05,1.3789062,1.3855178,1.3823535,4,2,0.99993926,0.0066115856,OBJECT
57,36,0.05,1.3854815,1.3884702,1.3868781,4,2,0.9999452,0.002988696,OBJECT
57,37,0.05,1.392093,1.3950096,1.3938057,5,2,0.9999549,0.0029166937,OBJECT
57,38,0.05,1.397029,1.4023438,1.3989121,3,2,0.99995995,0.0053147078,OBJECT
57,39,0.05,1.4057751,1.4070008,1.4063879,2,2,0.99996454,0.0012257099,OBJECT
57,40,0.05,1.4101562,1.4109714,1.4104245,5,2,0.9999689,0.0008151531,OBJECT
57,41,0.05,1.4155846,1.4188908,1.4169966,7,2,0.9999738,0.0033062696,OBJECT
57,42,0.05,1.4194112,1.4258188,1.4227142,5,2,0.99997747,0.0064076185,OBJECT
57,44,0.05,1.4153731,1.4186317,1.4175136,10,2,0.9999815,0.003258586,OBJECT
57,45,0.05,1.4179688,1.4514459,1.4351007,7,2,0.99998623,0.033477187,OBJECT
57,46,0.05,1.4570312,1.4570312,1.4570312,1,2,0.99998975,0.0,OBJECT
58,25,0.05,1.3125515,1.3196433,1.3162004,3,2,0.9997976,0.0070917606,OBJECT
58,26,0.05,1.314954,1.3233134,1.318108,6,2,0.9998191,0.008359313,OBJECT
58,27,0.05,1.3398438,1.3414798,1.3405138,4,2,0.9998672,0.0016360283,OBJECT
58,28,0.05,1.3445536,1.3499013,1.3472275,2,2,0.9998836,0.0053477287,OBJECT
58,29,0.05,1.3523374,1.3523374,1.3523374,1,2,0.9998932,0.0,OBJECT
58,30,0.05,1.3549188,1.3589021,1.3575455,3,2,0.99990034,0.003983259,OBJECT
58,31,0.05,1.3632812,1.3662794,1.364769,5,2,0.99991643,0.0029981136,OBJECT
58,32,0.05,1.36571,1.3736228,1.3703759,10,2,0.9999261,0.007912755,OBJECT
58,33,0.05,1.3714234,1.3768352,1.3745924,5,2,0.99993193,0.0054118633,OBJECT
58,34,0.05,1.3795097,1.3827993,1.3809515,3,2,0.99994236,0.0032895803,OBJECT
58,35,0.05,1.382903,1.3871037,1.3855752,3,2,0.9999482,0.004200697,OBJECT
58,36,0.05,1.386621,1.3944606,1.3896133,8,2,0.9999527,0.0078395605,OBJECT
58,37,0.05,1.3934244,1.3994848,1.3952428,6,2,0.9999588,0.006060362,OBJECT
58,38,0.05,1.3984424,1.4035614,1.4013135,4,2,0.9999635,0.005118966,OBJECT
58,39,0.05,1.406448,1.4130301,1.4091265,5,2,0.99997026,0.006582141,OBJECT
58,40,0.05,1.4148966,1.4190229,1.4171555,4,2,0.9999755,0.0041263103,OBJECT
58,41,0.05,1.415594,1.4257812,1.4200141,11,2,0.9999766,0.010187268,OBJECT
58,42,0.05,1.4235086,1.4270376,1.4255525,7,2,0.9999803,0.0035289526,OBJECT
58,43,0.05,1.4281503,1.4335938,1.4304495,6,2,0.99998313,0.005443454,OBJECT
58,44,0.05,1.4179688,1.4198191,1.4188939,2,2,0.9999824,0.0018503666,OBJECT
59,26,0.05,1.3378178,1.3378178,1.3378178,1,2,0.99987066,0.0,OBJECT
59,27,0.05,1.3444839,1.3444839,1.3444839,1,2,0.999887,0.0,OBJECT
59,28,0.05,1.346429,1.3476562,1.3472471,3,2,0.99989367,0.0012272596,OBJECT
59,29,0.05,1.3535064,1.3554688,1.3546308,3,2,0.9999092,0.001962304,OBJECT
59,30,0.05,1.357376,1.3632812,1.3602886,5,2,0.9999186,0.0059052706,OBJECT
59,31,0.05,1.3638783,1.3704145,1.3671464,2,2,0.9999282,0.0065362453,OBJECT
59,32,0.05,1.3698422,1.3744013,1.3724712,5,2,0.9999359,0.0045591593,OBJECT
59,33,0.05,1.3789062,1.3826594,1.3807507,3,2,0.9999457,0.0037531853,OBJECT
59,34,0.05,1.3826436,1.3832476,1.3829455,2,2,0.9999483,0.00060403347,OBJECT
59,35,0.05,1.3859949,1.390298,1.3883924,7,2,0.99995524,0.0043030977,OBJECT
59,36,0.05,1.3945312,1.3974543,1.3959492,3,2,0.999963,0.0029230118,OBJECT
59,37,0.05,1.3987318,1.4031469,1.4011885,4,2,0.99996746,0.0044150352,OBJECT
59,38,0.05,1.4023438,1.4085927,1.4044123,4,2,0.9999691,0.006248951,OBJECT
59,39,0.05,1.4101562,1.4139806,1.4111507,5,2,0.9999733,0.0038243532,OBJECT
59,40,0.05,1.4163677,1.4183444,1.4174845,5,2,0.99997693,0.0019767284,OBJECT
59,41,0.05,1.4224305,1.4283135,1.425069,5,2,0.9999808,0.0058829784,OBJECT
59,42,0.05,1.4298993,1.4329973,1.4316498,5,2,0.9999833,0.003098011,OBJECT
59,43,0.05,1.4330915,1.4330915,1.4330915,1,2,0.99998426,0.0,OBJECT
60,29,0.05,1.3559847,1.3582412,1.3571129,2,2,0.9999186,0.0022565126,OBJECT
60,30,0.05,1.3609629,1.365053,1.3626728,6,2,0.99992913,0.00409019,OBJECT
60,31,0.05,1.3678604,1.3727107,1.3701047,9,2,0.99993896,0.0048502684,OBJECT
60,32,0.05,1.3761039,1.3789062,1.3774302,4,2,0.99994886,0.002802372,OBJECT
60,33,0.05,1.3789062,1.3827665,1.38041,4,2,0.99995077,0.0038602352,OBJECT
60,34,0.05,1.3839729,1.3884058,1.3863393,3,2,0.9999549,0.0044329166,OBJECT
60,35,0.05,1.3940991,1.3945312,1.3943872,3,2,0.999965,0.00043213367,OBJECT
60,36,0.05,1.3937366,1.4007266,1.3975127,5,2,0.99996626,0.006989956,OBJECT
60,37,0.05,1.4016299,1.4038115,1.4027939,3,2,0.99997044,0.00218153,OBJECT
60,38,0.05,1.4093416,1.4110278,1.4099627,3,2,0.9999752,0.0016862154,OBJECT
60,39,0.05,1.412315,1.4147066,1.4135108,2,2,0.9999775,0.0023915768,OBJECT
60,40,0.05,1.4221704,1.4221704,1.4221704,1,2,0.99998105,0.0,OBJECT
60,41,0.05,1.4241072,1.4241072,1.4241072,1,2,0.9999815,0.0,OBJECT
61,31,0.05,1.3710938,1.3710938,1.3710938,1,2,0.999944,0.0,OBJECT
61,32,0.05,1.3784435,1.3815649,1.3800042,2,2,0.9999529,0.003121376,OBJECT
61,33,0.05,1.381814,1.3867188,1.384546,4,2,0.99995744,0.004904747,OBJECT
61,34,0.05,1.3876226,1.392109,1.3898243,5,2,0.9999622,0.0044864416,OBJECT
61,35,0.05,1.393502,1.3945312,1.3940166,2,2,0.9999654,0.001029253,OBJECT
61,36,0.05,1.3979683,1.3993399,1.3987913,4,2,0.9999694,0.0013716221,OBJECT
